date,yhat,yhat_lower,yhat_upper,model,product_name,distributor,key_type,key_id
2025-12-01,3926.16,1154.351658348819,6697.968341651181,sarimax,14-Day Acai Berry Cleanse 56ct,DIRECT,product_distributor,14-Day Acai Berry Cleanse 56ct | DIRECT
2025-12-01,560.0,-2211.808341651181,3331.808341651181,sarimax,15-Day Weight Loss Support Cleanse & Flush 60ct,UNFI,product_distributor,15-Day Weight Loss Support Cleanse & Flush 60ct | UNFI
2025-12-01,46.0,-2725.808341651181,2817.808341651181,sarimax,2-IN-1 Cleanse & Flush Weight Loss Support 60ct,UNFI,product_distributor,2-IN-1 Cleanse & Flush Weight Loss Support 60ct | UNFI
2025-12-01,6775.480000000001,4003.6716583488205,9547.288341651183,sarimax,2-IN-1 Kidney & Liver Super Cleanse 60ct,KEHE,product_distributor,2-IN-1 Kidney & Liver Super Cleanse 60ct | KEHE
2025-12-01,1766.05,-1005.7583416511809,4537.858341651181,sarimax,3-in-1 Joint Formula 90ct,KEHE,product_distributor,3-in-1 Joint Formula 90ct | KEHE
2025-12-01,60.0,-2711.808341651181,2831.808341651181,sarimax,3-in-1 Joint Formula 90ct,UNFI,product_distributor,3-in-1 Joint Formula 90ct | UNFI
2025-12-01,220.68,-2551.128341651181,2992.4883416511807,sarimax,ACTIVE CLEANSE PROBIOTIC,SUPERNATURAL,product_distributor,ACTIVE CLEANSE PROBIOTIC | SUPERNATURAL
2025-10-01,341.64,-2430.168341651181,3113.4483416511807,sarimax,ALLER-PURE HISTAMINE CLEAR 54SG,THRESHOLD,product_distributor,ALLER-PURE HISTAMINE CLEAR 54SG | THRESHOLD
2025-11-01,341.64,-3578.288949061978,4261.568949061978,sarimax,ALLER-PURE HISTAMINE CLEAR 54SG,THRESHOLD,product_distributor,ALLER-PURE HISTAMINE CLEAR 54SG | THRESHOLD
2025-12-01,341.64,-4459.272876583078,5142.552876583079,sarimax,ALLER-PURE HISTAMINE CLEAR 54SG,THRESHOLD,product_distributor,ALLER-PURE HISTAMINE CLEAR 54SG | THRESHOLD
2025-12-01,31.99,-2739.818341651181,2803.7983416511806,sarimax,ALLERPURE HISTAMINE CLEAR,SUPERNATURAL,product_distributor,ALLERPURE HISTAMINE CLEAR | SUPERNATURAL
2025-12-01,55.17000000000001,-2716.638341651181,2826.978341651181,sarimax,ANTI-GAS DIGESTIVE ENZYME,SUPERNATURAL,product_distributor,ANTI-GAS DIGESTIVE ENZYME | SUPERNATURAL
2025-12-01,949.5200000000001,-1822.2883416511809,3721.328341651181,sarimax,Advanced Absorption Mega B-Complex 60ct,KEHE,product_distributor,Advanced Absorption Mega B-Complex 60ct | KEHE
2025-09-01,0.0,-2771.808341651181,2771.808341651181,sarimax,Aller-Pure Histamine Support 54ct,DIRECT,product_distributor,Aller-Pure Histamine Support 54ct | DIRECT
2025-10-01,0.0,-3919.928949061978,3919.928949061978,sarimax,Aller-Pure Histamine Support 54ct,DIRECT,product_distributor,Aller-Pure Histamine Support 54ct | DIRECT
2025-11-01,0.0,-4800.912876583078,4800.912876583078,sarimax,Aller-Pure Histamine Support 54ct,DIRECT,product_distributor,Aller-Pure Histamine Support 54ct | DIRECT
2025-12-01,0.0,-5543.616683302362,5543.616683302362,sarimax,Aller-Pure Histamine Support 54ct,DIRECT,product_distributor,Aller-Pure Histamine Support 54ct | DIRECT
2025-08-01,50.019999999999996,-2721.788341651181,2821.828341651181,sarimax,Aloe & Triphala Active Cleanse & Probiotics,PALKO,product_distributor,Aloe & Triphala Active Cleanse & Probiotics | PALKO
2025-09-01,50.019999999999996,-3869.908949061978,3969.948949061978,sarimax,Aloe & Triphala Active Cleanse & Probiotics,PALKO,product_distributor,Aloe & Triphala Active Cleanse & Probiotics | PALKO
2025-10-01,50.019999999999996,-4750.892876583078,4850.932876583079,sarimax,Aloe & Triphala Active Cleanse & Probiotics,PALKO,product_distributor,Aloe & Triphala Active Cleanse & Probiotics | PALKO
2025-11-01,50.019999999999996,-5493.596683302361,5593.636683302362,sarimax,Aloe & Triphala Active Cleanse & Probiotics,PALKO,product_distributor,Aloe & Triphala Active Cleanse & Probiotics | PALKO
2025-12-01,50.019999999999996,-6147.931872533002,6247.971872533003,sarimax,Aloe & Triphala Active Cleanse & Probiotics,PALKO,product_distributor,Aloe & Triphala Active Cleanse & Probiotics | PALKO
2025-12-01,175.9,-2595.9083416511808,2947.708341651181,sarimax,BRAIN AWAKE,SUPERNATURAL,product_distributor,BRAIN AWAKE | SUPERNATURAL
2025-12-01,175.89,-2595.918341651181,2947.6983416511807,sarimax,BRAIN AWAKE RED,SUPERNATURAL,product_distributor,BRAIN AWAKE RED | SUPERNATURAL
2025-12-01,824.4499999999998,-1947.358341651181,3596.2583416511807,sarimax,Beet Root RED 60ct,KEHE,product_distributor,Beet Root RED 60ct | KEHE
2025-12-01,159.0,-2612.808341651181,2930.808341651181,sarimax,Beet Root RED 60ct,UNFI,product_distributor,Beet Root RED 60ct | UNFI
2025-12-01,33.99999999999999,-2737.808341651181,2805.808341651181,sarimax,Biotin-6000 Strength & Protection 60ct,UNFI,product_distributor,Biotin-6000 Strength & Protection 60ct | UNFI
2025-12-01,6998.110000000001,4226.30165834882,9769.91834165118,sarimax,Blood Sugar Balance Berberine-Body+Fat Burner 56ct,KEHE,product_distributor,Blood Sugar Balance Berberine-Body+Fat Burner 56ct | KEHE
2025-12-01,87.0,-2684.808341651181,2858.808341651181,sarimax,Blood Sugar Balance Berberine-Body+Fat Burner 56ct,UNFI,product_distributor,Blood Sugar Balance Berberine-Body+Fat Burner 56ct | UNFI
2025-12-01,48.57000000000001,-2723.2383416511807,2820.378341651181,sarimax,Body Fat-Diet System-Six RED 72ct,KEHE,product_distributor,Body Fat-Diet System-Six RED 72ct | KEHE
2025-09-01,35.0,-2736.808341651181,2806.808341651181,sarimax,Body Fat-Diet System-Six RED 72ct,UNFI,product_distributor,Body Fat-Diet System-Six RED 72ct | UNFI
2025-10-01,35.0,-3884.928949061978,3954.928949061978,sarimax,Body Fat-Diet System-Six RED 72ct,UNFI,product_distributor,Body Fat-Diet System-Six RED 72ct | UNFI
2025-11-01,35.0,-4765.912876583078,4835.912876583078,sarimax,Body Fat-Diet System-Six RED 72ct,UNFI,product_distributor,Body Fat-Diet System-Six RED 72ct | UNFI
2025-12-01,35.0,-5508.616683302362,5578.616683302362,sarimax,Body Fat-Diet System-Six RED 72ct,UNFI,product_distributor,Body Fat-Diet System-Six RED 72ct | UNFI
2025-12-01,751.83,-2019.978341651181,3523.638341651181,sarimax,Brain Awake 60ct,KEHE,product_distributor,Brain Awake 60ct | KEHE
2025-10-01,48.0,-2723.808341651181,2819.808341651181,sarimax,Brain Awake 60ct,UNFI,product_distributor,Brain Awake 60ct | UNFI
2025-11-01,48.0,-3871.928949061978,3967.928949061978,sarimax,Brain Awake 60ct,UNFI,product_distributor,Brain Awake 60ct | UNFI
2025-12-01,48.0,-4752.912876583078,4848.912876583078,sarimax,Brain Awake 60ct,UNFI,product_distributor,Brain Awake 60ct | UNFI
2025-12-01,791.34,-1980.4683416511807,3563.148341651181,sarimax,Brain Awake RED 60ct,KEHE,product_distributor,Brain Awake RED 60ct | KEHE
2025-12-01,16.0,-2755.808341651181,2787.808341651181,sarimax,Brain Awake RED 60ct,UNFI,product_distributor,Brain Awake RED 60ct | UNFI
2025-11-01,25.59000000000001,-2746.2183416511807,2797.398341651181,sarimax,CBD + 15mg,PALKO,product_distributor,CBD + 15mg | PALKO
2025-12-01,25.59000000000001,-3894.338949061978,3945.518949061978,sarimax,CBD + 15mg,PALKO,product_distributor,CBD + 15mg | PALKO
2025-09-01,0.0,-2771.808341651181,2771.808341651181,sarimax,CBD + 15mg Per Soft-Gel 60ct,DIRECT,product_distributor,CBD + 15mg Per Soft-Gel 60ct | DIRECT
2025-10-01,0.0,-3919.928949061978,3919.928949061978,sarimax,CBD + 15mg Per Soft-Gel 60ct,DIRECT,product_distributor,CBD + 15mg Per Soft-Gel 60ct | DIRECT
2025-11-01,0.0,-4800.912876583078,4800.912876583078,sarimax,CBD + 15mg Per Soft-Gel 60ct,DIRECT,product_distributor,CBD + 15mg Per Soft-Gel 60ct | DIRECT
2025-12-01,0.0,-5543.616683302362,5543.616683302362,sarimax,CBD + 15mg Per Soft-Gel 60ct,DIRECT,product_distributor,CBD + 15mg Per Soft-Gel 60ct | DIRECT
2025-11-01,4865.639999999999,2093.8316583488186,7637.44834165118,sarimax,CBD + 30mg Per Soft-Gel 60ct,DIRECT,product_distributor,CBD + 30mg Per Soft-Gel 60ct | DIRECT
2025-12-01,4865.639999999999,945.7110509380213,8785.568949061977,sarimax,CBD + 30mg Per Soft-Gel 60ct,DIRECT,product_distributor,CBD + 30mg Per Soft-Gel 60ct | DIRECT
2025-11-01,1619.6399999999999,-1152.168341651181,4391.448341651181,sarimax,CBD + 50mg Per Soft-Gel 60ct,DIRECT,product_distributor,CBD + 50mg Per Soft-Gel 60ct | DIRECT
2025-12-01,1619.6399999999999,-2300.288949061978,5539.568949061978,sarimax,CBD + 50mg Per Soft-Gel 60ct,DIRECT,product_distributor,CBD + 50mg Per Soft-Gel 60ct | DIRECT
2025-09-01,660.6299999999998,-2111.178341651181,3432.4383416511805,sarimax,CBD + ASHWAGANDHA 60SG,THRESHOLD,product_distributor,CBD + ASHWAGANDHA 60SG | THRESHOLD
2025-10-01,660.6299999999998,-3259.2989490619784,4580.558949061978,sarimax,CBD + ASHWAGANDHA 60SG,THRESHOLD,product_distributor,CBD + ASHWAGANDHA 60SG | THRESHOLD
2025-11-01,660.6299999999998,-4140.282876583078,5461.542876583078,sarimax,CBD + ASHWAGANDHA 60SG,THRESHOLD,product_distributor,CBD + ASHWAGANDHA 60SG | THRESHOLD
2025-12-01,660.6299999999998,-4882.986683302362,6204.246683302362,sarimax,CBD + ASHWAGANDHA 60SG,THRESHOLD,product_distributor,CBD + ASHWAGANDHA 60SG | THRESHOLD
2025-06-01,359.76000000000005,-2412.0483416511806,3131.568341651181,sarimax,CBD + Ashwagandha 60ct,DIRECT,product_distributor,CBD + Ashwagandha 60ct | DIRECT
2025-07-01,359.76000000000005,-3560.168949061978,4279.688949061978,sarimax,CBD + Ashwagandha 60ct,DIRECT,product_distributor,CBD + Ashwagandha 60ct | DIRECT
2025-08-01,359.76000000000005,-4441.152876583078,5160.6728765830785,sarimax,CBD + Ashwagandha 60ct,DIRECT,product_distributor,CBD + Ashwagandha 60ct | DIRECT
2025-09-01,359.76000000000005,-5183.8566833023615,5903.376683302362,sarimax,CBD + Ashwagandha 60ct,DIRECT,product_distributor,CBD + Ashwagandha 60ct | DIRECT
2025-10-01,359.76000000000005,-5838.191872533002,6557.711872533003,sarimax,CBD + Ashwagandha 60ct,DIRECT,product_distributor,CBD + Ashwagandha 60ct | DIRECT
2025-11-01,359.76000000000005,-6429.756101835419,7149.2761018354195,sarimax,CBD + Ashwagandha 60ct,DIRECT,product_distributor,CBD + Ashwagandha 60ct | DIRECT
2025-12-01,359.76000000000005,-6973.755553943381,7693.275553943381,sarimax,CBD + Ashwagandha 60ct,DIRECT,product_distributor,CBD + Ashwagandha 60ct | DIRECT
2025-09-01,15.08,-2756.728341651181,2786.888341651181,sarimax,CBD + MELATONIN 60SG,THRESHOLD,product_distributor,CBD + MELATONIN 60SG | THRESHOLD
2025-10-01,15.08,-3904.848949061978,3935.008949061978,sarimax,CBD + MELATONIN 60SG,THRESHOLD,product_distributor,CBD + MELATONIN 60SG | THRESHOLD
2025-11-01,15.08,-4785.832876583078,4815.992876583078,sarimax,CBD + MELATONIN 60SG,THRESHOLD,product_distributor,CBD + MELATONIN 60SG | THRESHOLD
2025-12-01,15.08,-5528.536683302362,5558.696683302362,sarimax,CBD + MELATONIN 60SG,THRESHOLD,product_distributor,CBD + MELATONIN 60SG | THRESHOLD
2025-04-01,1491.81,-1279.998341651181,4263.618341651181,sarimax,CBD + POWER TO SLEEP 60SG,THRESHOLD,product_distributor,CBD + POWER TO SLEEP 60SG | THRESHOLD
2025-05-01,1491.81,-2428.118949061978,5411.738949061978,sarimax,CBD + POWER TO SLEEP 60SG,THRESHOLD,product_distributor,CBD + POWER TO SLEEP 60SG | THRESHOLD
2025-06-01,1491.81,-3309.1028765830783,6292.722876583079,sarimax,CBD + POWER TO SLEEP 60SG,THRESHOLD,product_distributor,CBD + POWER TO SLEEP 60SG | THRESHOLD
2025-07-01,1491.81,-4051.8066833023618,7035.426683302361,sarimax,CBD + POWER TO SLEEP 60SG,THRESHOLD,product_distributor,CBD + POWER TO SLEEP 60SG | THRESHOLD
2025-08-01,1491.81,-4706.141872533002,7689.761872533003,sarimax,CBD + POWER TO SLEEP 60SG,THRESHOLD,product_distributor,CBD + POWER TO SLEEP 60SG | THRESHOLD
2025-09-01,1491.81,-5297.70610183542,8281.326101835419,sarimax,CBD + POWER TO SLEEP 60SG,THRESHOLD,product_distributor,CBD + POWER TO SLEEP 60SG | THRESHOLD
2025-10-01,1491.81,-5841.70555394338,8825.325553943381,sarimax,CBD + POWER TO SLEEP 60SG,THRESHOLD,product_distributor,CBD + POWER TO SLEEP 60SG | THRESHOLD
2025-11-01,1491.81,-6348.047898123956,9331.667898123957,sarimax,CBD + POWER TO SLEEP 60SG,THRESHOLD,product_distributor,CBD + POWER TO SLEEP 60SG | THRESHOLD
2025-12-01,1491.81,-6823.615024953544,9807.235024953543,sarimax,CBD + POWER TO SLEEP 60SG,THRESHOLD,product_distributor,CBD + POWER TO SLEEP 60SG | THRESHOLD
2025-05-01,78.15,-2693.6583416511808,2849.958341651181,sarimax,CBD + Power to Sleep,PALKO,product_distributor,CBD + Power to Sleep | PALKO
2025-06-01,78.15,-3841.778949061978,3998.078949061978,sarimax,CBD + Power to Sleep,PALKO,product_distributor,CBD + Power to Sleep | PALKO
2025-07-01,78.15,-4722.762876583079,4879.062876583078,sarimax,CBD + Power to Sleep,PALKO,product_distributor,CBD + Power to Sleep | PALKO
2025-08-01,78.15,-5465.466683302362,5621.766683302361,sarimax,CBD + Power to Sleep,PALKO,product_distributor,CBD + Power to Sleep | PALKO
2025-09-01,78.15,-6119.801872533003,6276.101872533002,sarimax,CBD + Power to Sleep,PALKO,product_distributor,CBD + Power to Sleep | PALKO
2025-10-01,78.15,-6711.36610183542,6867.666101835419,sarimax,CBD + Power to Sleep,PALKO,product_distributor,CBD + Power to Sleep | PALKO
2025-11-01,78.15,-7255.365553943381,7411.6655539433805,sarimax,CBD + Power to Sleep,PALKO,product_distributor,CBD + Power to Sleep | PALKO
2025-12-01,78.15,-7761.7078981239565,7918.007898123956,sarimax,CBD + Power to Sleep,PALKO,product_distributor,CBD + Power to Sleep | PALKO
2025-08-01,2601.69,-170.1183416511808,5373.49834165118,sarimax,CBD + TURMERIC 60SG,THRESHOLD,product_distributor,CBD + TURMERIC 60SG | THRESHOLD
2025-09-01,2601.69,-1318.238949061978,6521.618949061978,sarimax,CBD + TURMERIC 60SG,THRESHOLD,product_distributor,CBD + TURMERIC 60SG | THRESHOLD
2025-10-01,2601.69,-2199.2228765830782,7402.602876583078,sarimax,CBD + TURMERIC 60SG,THRESHOLD,product_distributor,CBD + TURMERIC 60SG | THRESHOLD
2025-11-01,2601.69,-2941.9266833023617,8145.306683302362,sarimax,CBD + TURMERIC 60SG,THRESHOLD,product_distributor,CBD + TURMERIC 60SG | THRESHOLD
2025-12-01,2601.69,-3596.2618725330026,8799.641872533002,sarimax,CBD + TURMERIC 60SG,THRESHOLD,product_distributor,CBD + TURMERIC 60SG | THRESHOLD
2025-08-01,154.91,-2616.898341651181,2926.7183416511807,sarimax,CBD + Turmeric,PALKO,product_distributor,CBD + Turmeric | PALKO
2025-09-01,154.91,-3765.018949061978,4074.838949061978,sarimax,CBD + Turmeric,PALKO,product_distributor,CBD + Turmeric | PALKO
2025-10-01,154.91,-4646.002876583078,4955.822876583078,sarimax,CBD + Turmeric,PALKO,product_distributor,CBD + Turmeric | PALKO
2025-11-01,154.91,-5388.706683302362,5698.526683302362,sarimax,CBD + Turmeric,PALKO,product_distributor,CBD + Turmeric | PALKO
2025-12-01,154.91,-6043.041872533003,6352.8618725330025,sarimax,CBD + Turmeric,PALKO,product_distributor,CBD + Turmeric | PALKO
2025-06-01,1460.76,-1311.0483416511809,4232.568341651181,sarimax,CBD + Turmeric 60ct,DIRECT,product_distributor,CBD + Turmeric 60ct | DIRECT
2025-07-01,1460.76,-2459.1689490619783,5380.688949061978,sarimax,CBD + Turmeric 60ct,DIRECT,product_distributor,CBD + Turmeric 60ct | DIRECT
2025-08-01,1460.76,-3340.152876583078,6261.6728765830785,sarimax,CBD + Turmeric 60ct,DIRECT,product_distributor,CBD + Turmeric 60ct | DIRECT
2025-09-01,1460.76,-4082.8566833023615,7004.376683302362,sarimax,CBD + Turmeric 60ct,DIRECT,product_distributor,CBD + Turmeric 60ct | DIRECT
2025-10-01,1460.76,-4737.191872533002,7658.711872533003,sarimax,CBD + Turmeric 60ct,DIRECT,product_distributor,CBD + Turmeric 60ct | DIRECT
2025-11-01,1460.76,-5328.756101835419,8250.27610183542,sarimax,CBD + Turmeric 60ct,DIRECT,product_distributor,CBD + Turmeric 60ct | DIRECT
2025-12-01,1460.76,-5872.755553943381,8794.27555394338,sarimax,CBD + Turmeric 60ct,DIRECT,product_distributor,CBD + Turmeric 60ct | DIRECT
2025-10-01,83.5,-2688.308341651181,2855.308341651181,sarimax,CBD 1000mg Balm,PALKO,product_distributor,CBD 1000mg Balm | PALKO
2025-11-01,83.5,-3836.428949061978,4003.428949061978,sarimax,CBD 1000mg Balm,PALKO,product_distributor,CBD 1000mg Balm | PALKO
2025-12-01,83.5,-4717.412876583078,4884.412876583078,sarimax,CBD 1000mg Balm,PALKO,product_distributor,CBD 1000mg Balm | PALKO
2025-10-01,105.57,-2666.2383416511807,2877.378341651181,sarimax,CBD 1000mg Peppermint,PALKO,product_distributor,CBD 1000mg Peppermint | PALKO
2025-11-01,105.57,-3814.358949061978,4025.4989490619782,sarimax,CBD 1000mg Peppermint,PALKO,product_distributor,CBD 1000mg Peppermint | PALKO
2025-12-01,105.57,-4695.342876583079,4906.482876583078,sarimax,CBD 1000mg Peppermint,PALKO,product_distributor,CBD 1000mg Peppermint | PALKO
2025-12-01,577.4099999999999,-2194.398341651181,3349.2183416511807,sarimax,CBD 15 MG + MELATONIN LEMON LIME 30GUMMY,THRESHOLD,product_distributor,CBD 15 MG + MELATONIN LEMON LIME 30GUMMY | THRESHOLD
2025-05-01,764.3100000000001,-2007.498341651181,3536.118341651181,sarimax,CBD 15 MG MIXED BERRY 30GUMMY,THRESHOLD,product_distributor,CBD 15 MG MIXED BERRY 30GUMMY | THRESHOLD
2025-06-01,764.3100000000001,-3155.618949061978,4684.238949061978,sarimax,CBD 15 MG MIXED BERRY 30GUMMY,THRESHOLD,product_distributor,CBD 15 MG MIXED BERRY 30GUMMY | THRESHOLD
2025-07-01,764.3100000000001,-4036.6028765830783,5565.222876583079,sarimax,CBD 15 MG MIXED BERRY 30GUMMY,THRESHOLD,product_distributor,CBD 15 MG MIXED BERRY 30GUMMY | THRESHOLD
2025-08-01,764.3100000000001,-4779.306683302361,6307.926683302362,sarimax,CBD 15 MG MIXED BERRY 30GUMMY,THRESHOLD,product_distributor,CBD 15 MG MIXED BERRY 30GUMMY | THRESHOLD
2025-09-01,764.3100000000001,-5433.641872533002,6962.261872533003,sarimax,CBD 15 MG MIXED BERRY 30GUMMY,THRESHOLD,product_distributor,CBD 15 MG MIXED BERRY 30GUMMY | THRESHOLD
2025-10-01,764.3100000000001,-6025.206101835419,7553.82610183542,sarimax,CBD 15 MG MIXED BERRY 30GUMMY,THRESHOLD,product_distributor,CBD 15 MG MIXED BERRY 30GUMMY | THRESHOLD
2025-11-01,764.3100000000001,-6569.20555394338,8097.825553943381,sarimax,CBD 15 MG MIXED BERRY 30GUMMY,THRESHOLD,product_distributor,CBD 15 MG MIXED BERRY 30GUMMY | THRESHOLD
2025-12-01,764.3100000000001,-7075.547898123956,8604.167898123957,sarimax,CBD 15 MG MIXED BERRY 30GUMMY,THRESHOLD,product_distributor,CBD 15 MG MIXED BERRY 30GUMMY | THRESHOLD
2025-12-01,0.0,-2771.808341651181,2771.808341651181,sarimax,CBD 15MG,SUPERNATURAL,product_distributor,CBD 15MG | SUPERNATURAL
2025-11-01,40.94000000000017,-2730.868341651181,2812.748341651181,sarimax,CBD 15MG 60SG,THRESHOLD,product_distributor,CBD 15MG 60SG | THRESHOLD
2025-12-01,40.94000000000017,-3878.988949061978,3960.868949061978,sarimax,CBD 15MG 60SG,THRESHOLD,product_distributor,CBD 15MG 60SG | THRESHOLD
2025-12-01,49.67000000000007,-2722.138341651181,2821.478341651181,sarimax,CBD 2000mg Peppermint,PALKO,product_distributor,CBD 2000mg Peppermint | PALKO
2025-09-01,149.01,-2622.7983416511806,2920.818341651181,sarimax,CBD 2000mg Unflavored,PALKO,product_distributor,CBD 2000mg Unflavored | PALKO
2025-10-01,149.01,-3770.9189490619783,4068.938949061978,sarimax,CBD 2000mg Unflavored,PALKO,product_distributor,CBD 2000mg Unflavored | PALKO
2025-11-01,149.01,-4651.902876583078,4949.9228765830785,sarimax,CBD 2000mg Unflavored,PALKO,product_distributor,CBD 2000mg Unflavored | PALKO
2025-12-01,149.01,-5394.6066833023615,5692.626683302362,sarimax,CBD 2000mg Unflavored,PALKO,product_distributor,CBD 2000mg Unflavored | PALKO
2025-12-01,1247.7,-1524.1083416511808,4019.5083416511807,sarimax,CBD 30MG,SUPERNATURAL,product_distributor,CBD 30MG | SUPERNATURAL
2025-12-01,4208.050000000001,1436.2416583488202,6979.858341651182,sarimax,CBD 30MG 60SG,THRESHOLD,product_distributor,CBD 30MG 60SG | THRESHOLD
2025-12-01,52.79000000000087,-2719.01834165118,2824.5983416511817,sarimax,CBD 50MG 60SG,THRESHOLD,product_distributor,CBD 50MG 60SG | THRESHOLD
2025-11-01,611.89,-2159.918341651181,3383.6983416511807,sarimax,CBD 50mg,PALKO,product_distributor,CBD 50mg | PALKO
2025-12-01,611.89,-3308.038949061978,4531.818949061978,sarimax,CBD 50mg,PALKO,product_distributor,CBD 50mg | PALKO
2025-09-01,447.2,-2324.608341651181,3219.0083416511807,sarimax,CBD BALM + LEMONGRASS 1000MG 2OZ,THRESHOLD,product_distributor,CBD BALM + LEMONGRASS 1000MG 2OZ | THRESHOLD
2025-10-01,447.2,-3472.7289490619783,4367.128949061978,sarimax,CBD BALM + LEMONGRASS 1000MG 2OZ,THRESHOLD,product_distributor,CBD BALM + LEMONGRASS 1000MG 2OZ | THRESHOLD
2025-11-01,447.2,-4353.7128765830785,5248.112876583078,sarimax,CBD BALM + LEMONGRASS 1000MG 2OZ,THRESHOLD,product_distributor,CBD BALM + LEMONGRASS 1000MG 2OZ | THRESHOLD
2025-12-01,447.2,-5096.416683302362,5990.8166833023615,sarimax,CBD BALM + LEMONGRASS 1000MG 2OZ,THRESHOLD,product_distributor,CBD BALM + LEMONGRASS 1000MG 2OZ | THRESHOLD
2025-12-01,2.842170943040401e-14,-2771.808341651181,2771.808341651181,sarimax,CBD BALM 1000MG,SUPERNATURAL,product_distributor,CBD BALM 1000MG | SUPERNATURAL
2025-10-01,357.2000000000001,-2414.6083416511806,3129.008341651181,sarimax,CBD BALM 1000MG 2OZ,THRESHOLD,product_distributor,CBD BALM 1000MG 2OZ | THRESHOLD
2025-11-01,357.2000000000001,-3562.728949061978,4277.128949061978,sarimax,CBD BALM 1000MG 2OZ,THRESHOLD,product_distributor,CBD BALM 1000MG 2OZ | THRESHOLD
2025-12-01,357.2000000000001,-4443.7128765830785,5158.112876583078,sarimax,CBD BALM 1000MG 2OZ,THRESHOLD,product_distributor,CBD BALM 1000MG 2OZ | THRESHOLD
2025-10-01,139.17000000000002,-2632.638341651181,2910.978341651181,sarimax,CBD BALM+MENTHOL 1000MG,SUPERNATURAL,product_distributor,CBD BALM+MENTHOL 1000MG | SUPERNATURAL
2025-11-01,139.17000000000002,-3780.758949061978,4059.098949061978,sarimax,CBD BALM+MENTHOL 1000MG,SUPERNATURAL,product_distributor,CBD BALM+MENTHOL 1000MG | SUPERNATURAL
2025-12-01,139.17000000000002,-4661.742876583078,4940.082876583078,sarimax,CBD BALM+MENTHOL 1000MG,SUPERNATURAL,product_distributor,CBD BALM+MENTHOL 1000MG | SUPERNATURAL
2025-11-01,0.0,-2771.808341651181,2771.808341651181,sarimax,CBD Balm 1000mg 2oz,DIRECT,product_distributor,CBD Balm 1000mg 2oz | DIRECT
2025-12-01,0.0,-3919.928949061978,3919.928949061978,sarimax,CBD Balm 1000mg 2oz,DIRECT,product_distributor,CBD Balm 1000mg 2oz | DIRECT
2025-11-01,0.0,-2771.808341651181,2771.808341651181,sarimax,CBD Balm 1000mg 2oz,ALL,product_distributor,CBD Balm 1000mg 2oz | ALL
2025-12-01,0.0,-3919.928949061978,3919.928949061978,sarimax,CBD Balm 1000mg 2oz,ALL,product_distributor,CBD Balm 1000mg 2oz | ALL
2025-12-01,-3.552713678800501e-15,-2771.808341651181,2771.808341651181,sarimax,CBD DOUBLE POTENCY 30MG,SUPERNATURAL,product_distributor,CBD DOUBLE POTENCY 30MG | SUPERNATURAL
2025-12-01,179.91,-2591.898341651181,2951.7183416511807,sarimax,CBD EXTRA STRENGTH 50MG,SUPERNATURAL,product_distributor,CBD EXTRA STRENGTH 50MG | SUPERNATURAL
2025-12-01,0.0,-2771.808341651181,2771.808341651181,sarimax,CBD EXTRA STRENGTH+SLEEP,SUPERNATURAL,product_distributor,CBD EXTRA STRENGTH+SLEEP | SUPERNATURAL
2025-12-01,46.39,-2725.418341651181,2818.1983416511807,sarimax,CBD GEL+ARNICA 1000MG,SUPERNATURAL,product_distributor,CBD GEL+ARNICA 1000MG | SUPERNATURAL
2025-08-01,5.684341886080802e-14,-2771.808341651181,2771.808341651181,sarimax,CBD GUMMY BERRY 15MG TBDM,SUPERNATURAL,product_distributor,CBD GUMMY BERRY 15MG TBDM | SUPERNATURAL
2025-09-01,5.684341886080802e-14,-3919.928949061978,3919.928949061978,sarimax,CBD GUMMY BERRY 15MG TBDM,SUPERNATURAL,product_distributor,CBD GUMMY BERRY 15MG TBDM | SUPERNATURAL
2025-10-01,5.684341886080802e-14,-4800.912876583078,4800.912876583078,sarimax,CBD GUMMY BERRY 15MG TBDM,SUPERNATURAL,product_distributor,CBD GUMMY BERRY 15MG TBDM | SUPERNATURAL
2025-11-01,5.684341886080802e-14,-5543.616683302362,5543.616683302362,sarimax,CBD GUMMY BERRY 15MG TBDM,SUPERNATURAL,product_distributor,CBD GUMMY BERRY 15MG TBDM | SUPERNATURAL
2025-12-01,5.684341886080802e-14,-6197.951872533003,6197.951872533003,sarimax,CBD GUMMY BERRY 15MG TBDM,SUPERNATURAL,product_distributor,CBD GUMMY BERRY 15MG TBDM | SUPERNATURAL
2025-12-01,223.93,-2547.878341651181,2995.7383416511807,sarimax,CBD GUMMY MELATONIN 15MG,SUPERNATURAL,product_distributor,CBD GUMMY MELATONIN 15MG | SUPERNATURAL
2025-04-01,118.36000000000007,-2653.4483416511807,2890.168341651181,sarimax,CBD GUMMY MIX BERRY 15MG,SUPERNATURAL,product_distributor,CBD GUMMY MIX BERRY 15MG | SUPERNATURAL
2025-05-01,118.36000000000007,-3801.568949061978,4038.288949061978,sarimax,CBD GUMMY MIX BERRY 15MG,SUPERNATURAL,product_distributor,CBD GUMMY MIX BERRY 15MG | SUPERNATURAL
2025-06-01,118.36000000000007,-4682.552876583079,4919.272876583078,sarimax,CBD GUMMY MIX BERRY 15MG,SUPERNATURAL,product_distributor,CBD GUMMY MIX BERRY 15MG | SUPERNATURAL
2025-07-01,118.36000000000007,-5425.256683302362,5661.976683302361,sarimax,CBD GUMMY MIX BERRY 15MG,SUPERNATURAL,product_distributor,CBD GUMMY MIX BERRY 15MG | SUPERNATURAL
2025-08-01,118.36000000000007,-6079.591872533003,6316.311872533002,sarimax,CBD GUMMY MIX BERRY 15MG,SUPERNATURAL,product_distributor,CBD GUMMY MIX BERRY 15MG | SUPERNATURAL
2025-09-01,118.36000000000007,-6671.15610183542,6907.876101835419,sarimax,CBD GUMMY MIX BERRY 15MG,SUPERNATURAL,product_distributor,CBD GUMMY MIX BERRY 15MG | SUPERNATURAL
2025-10-01,118.36000000000007,-7215.155553943381,7451.8755539433805,sarimax,CBD GUMMY MIX BERRY 15MG,SUPERNATURAL,product_distributor,CBD GUMMY MIX BERRY 15MG | SUPERNATURAL
2025-11-01,118.36000000000007,-7721.4978981239565,7958.217898123956,sarimax,CBD GUMMY MIX BERRY 15MG,SUPERNATURAL,product_distributor,CBD GUMMY MIX BERRY 15MG | SUPERNATURAL
2025-12-01,118.36000000000007,-8197.065024953543,8433.785024953544,sarimax,CBD GUMMY MIX BERRY 15MG,SUPERNATURAL,product_distributor,CBD GUMMY MIX BERRY 15MG | SUPERNATURAL
2025-07-01,115.40000000000002,-2656.4083416511808,2887.208341651181,sarimax,CBD Gummy 15mg Mixed Berry,PALKO,product_distributor,CBD Gummy 15mg Mixed Berry | PALKO
2025-08-01,115.40000000000002,-3804.528949061978,4035.328949061978,sarimax,CBD Gummy 15mg Mixed Berry,PALKO,product_distributor,CBD Gummy 15mg Mixed Berry | PALKO
2025-09-01,115.40000000000002,-4685.512876583079,4916.312876583078,sarimax,CBD Gummy 15mg Mixed Berry,PALKO,product_distributor,CBD Gummy 15mg Mixed Berry | PALKO
2025-10-01,115.40000000000002,-5428.216683302362,5659.016683302361,sarimax,CBD Gummy 15mg Mixed Berry,PALKO,product_distributor,CBD Gummy 15mg Mixed Berry | PALKO
2025-11-01,115.40000000000002,-6082.551872533003,6313.351872533002,sarimax,CBD Gummy 15mg Mixed Berry,PALKO,product_distributor,CBD Gummy 15mg Mixed Berry | PALKO
2025-12-01,115.40000000000002,-6674.11610183542,6904.916101835419,sarimax,CBD Gummy 15mg Mixed Berry,PALKO,product_distributor,CBD Gummy 15mg Mixed Berry | PALKO
2025-12-01,0.0,-2771.808341651181,2771.808341651181,sarimax,CBD OIL 1000MG PEPPERMINT,SUPERNATURAL,product_distributor,CBD OIL 1000MG PEPPERMINT | SUPERNATURAL
2025-09-01,1410.4399999999998,-1361.368341651181,4182.24834165118,sarimax,CBD OIL 1000MG PEPPERMINT 1OZ,THRESHOLD,product_distributor,CBD OIL 1000MG PEPPERMINT 1OZ | THRESHOLD
2025-10-01,1410.4399999999998,-2509.488949061978,5330.368949061978,sarimax,CBD OIL 1000MG PEPPERMINT 1OZ,THRESHOLD,product_distributor,CBD OIL 1000MG PEPPERMINT 1OZ | THRESHOLD
2025-11-01,1410.4399999999998,-3390.4728765830787,6211.352876583078,sarimax,CBD OIL 1000MG PEPPERMINT 1OZ,THRESHOLD,product_distributor,CBD OIL 1000MG PEPPERMINT 1OZ | THRESHOLD
2025-12-01,1410.4399999999998,-4133.176683302362,6954.056683302361,sarimax,CBD OIL 1000MG PEPPERMINT 1OZ,THRESHOLD,product_distributor,CBD OIL 1000MG PEPPERMINT 1OZ | THRESHOLD
2025-09-01,289.2000000000007,-2482.60834165118,3061.0083416511816,sarimax,CBD OIL 2000MG PEPPERMINT 2OZ,THRESHOLD,product_distributor,CBD OIL 2000MG PEPPERMINT 2OZ | THRESHOLD
2025-10-01,289.2000000000007,-3630.7289490619773,4209.128949061978,sarimax,CBD OIL 2000MG PEPPERMINT 2OZ,THRESHOLD,product_distributor,CBD OIL 2000MG PEPPERMINT 2OZ | THRESHOLD
2025-11-01,289.2000000000007,-4511.712876583078,5090.112876583079,sarimax,CBD OIL 2000MG PEPPERMINT 2OZ,THRESHOLD,product_distributor,CBD OIL 2000MG PEPPERMINT 2OZ | THRESHOLD
2025-12-01,289.2000000000007,-5254.416683302361,5832.816683302362,sarimax,CBD OIL 2000MG PEPPERMINT 2OZ,THRESHOLD,product_distributor,CBD OIL 2000MG PEPPERMINT 2OZ | THRESHOLD
2025-12-01,0.0,-2771.808341651181,2771.808341651181,sarimax,CBD OIL 2000MG PEPPRMNT,SUPERNATURAL,product_distributor,CBD OIL 2000MG PEPPRMNT | SUPERNATURAL
2025-12-01,0.0,-2771.808341651181,2771.808341651181,sarimax,CBD OIL 2000MG UNFLAVORED,SUPERNATURAL,product_distributor,CBD OIL 2000MG UNFLAVORED | SUPERNATURAL
2025-06-01,3042.63,270.82165834881926,5814.438341651181,sarimax,CBD OIL 2000MG UNFLAVORED 2OZ,THRESHOLD,product_distributor,CBD OIL 2000MG UNFLAVORED 2OZ | THRESHOLD
2025-07-01,3042.63,-877.298949061978,6962.558949061979,sarimax,CBD OIL 2000MG UNFLAVORED 2OZ,THRESHOLD,product_distributor,CBD OIL 2000MG UNFLAVORED 2OZ | THRESHOLD
2025-08-01,3042.63,-1758.2828765830782,7843.542876583078,sarimax,CBD OIL 2000MG UNFLAVORED 2OZ,THRESHOLD,product_distributor,CBD OIL 2000MG UNFLAVORED 2OZ | THRESHOLD
2025-09-01,3042.63,-2500.9866833023616,8586.24668330236,sarimax,CBD OIL 2000MG UNFLAVORED 2OZ,THRESHOLD,product_distributor,CBD OIL 2000MG UNFLAVORED 2OZ | THRESHOLD
2025-10-01,3042.63,-3155.3218725330025,9240.581872533003,sarimax,CBD OIL 2000MG UNFLAVORED 2OZ,THRESHOLD,product_distributor,CBD OIL 2000MG UNFLAVORED 2OZ | THRESHOLD
2025-11-01,3042.63,-3746.886101835419,9832.14610183542,sarimax,CBD OIL 2000MG UNFLAVORED 2OZ,THRESHOLD,product_distributor,CBD OIL 2000MG UNFLAVORED 2OZ | THRESHOLD
2025-12-01,3042.63,-4290.885553943381,10376.145553943381,sarimax,CBD OIL 2000MG UNFLAVORED 2OZ,THRESHOLD,product_distributor,CBD OIL 2000MG UNFLAVORED 2OZ | THRESHOLD
2025-12-01,129.51,-2642.2983416511806,2901.318341651181,sarimax,CBD OIL 250 MG UNFLAVORED,SUPERNATURAL,product_distributor,CBD OIL 250 MG UNFLAVORED | SUPERNATURAL
2025-12-01,1011.0500000000001,-1760.7583416511807,3782.858341651181,sarimax,CBD OIL 250MG UNFLAVORED 1OZ,THRESHOLD,product_distributor,CBD OIL 250MG UNFLAVORED 1OZ | THRESHOLD
2025-12-01,388.44,-2383.368341651181,3160.248341651181,sarimax,CBD Oil Drops 250mg (flavorless) 1 fl. oz.,DIRECT,product_distributor,CBD Oil Drops 250mg (flavorless) 1 fl. oz. | DIRECT
2025-12-01,0.0,-2771.808341651181,2771.808341651181,sarimax,CBD XTRA STRENGTH 50MG,SUPERNATURAL,product_distributor,CBD XTRA STRENGTH 50MG | SUPERNATURAL
2025-12-01,0.0,-2771.808341651181,2771.808341651181,sarimax,CBD+ASHWAGANDHA,SUPERNATURAL,product_distributor,CBD+ASHWAGANDHA | SUPERNATURAL
2025-12-01,0.0,-2771.808341651181,2771.808341651181,sarimax,CBD+MELATONIN,SUPERNATURAL,product_distributor,CBD+MELATONIN | SUPERNATURAL
2025-12-01,0.0,-2771.808341651181,2771.808341651181,sarimax,CBD+POWER TO SLEEP,SUPERNATURAL,product_distributor,CBD+POWER TO SLEEP | SUPERNATURAL
2025-12-01,0.0,-2771.808341651181,2771.808341651181,sarimax,CBD+TURMERIC,SUPERNATURAL,product_distributor,CBD+TURMERIC | SUPERNATURAL
2025-11-01,50.370000000000005,-2721.438341651181,2822.1783416511807,sarimax,CLA LEAN FAT REDUCTION,SUPERNATURAL,product_distributor,CLA LEAN FAT REDUCTION | SUPERNATURAL
2025-12-01,50.370000000000005,-3869.558949061978,3970.298949061978,sarimax,CLA LEAN FAT REDUCTION,SUPERNATURAL,product_distributor,CLA LEAN FAT REDUCTION | SUPERNATURAL
2025-11-01,47.970000000000006,-2723.838341651181,2819.7783416511807,sarimax,CLEANSE&FLUSH WEIGHT LOSS,SUPERNATURAL,product_distributor,CLEANSE&FLUSH WEIGHT LOSS | SUPERNATURAL
2025-12-01,47.970000000000006,-3871.9589490619783,3967.898949061978,sarimax,CLEANSE&FLUSH WEIGHT LOSS,SUPERNATURAL,product_distributor,CLEANSE&FLUSH WEIGHT LOSS | SUPERNATURAL
2025-10-01,127.91999999999999,-2643.888341651181,2899.728341651181,sarimax,COLON FLUSH XTRA STRENGTH,SUPERNATURAL,product_distributor,COLON FLUSH XTRA STRENGTH | SUPERNATURAL
2025-11-01,127.91999999999999,-3792.008949061978,4047.848949061978,sarimax,COLON FLUSH XTRA STRENGTH,SUPERNATURAL,product_distributor,COLON FLUSH XTRA STRENGTH | SUPERNATURAL
2025-12-01,127.91999999999999,-4672.992876583078,4928.832876583078,sarimax,COLON FLUSH XTRA STRENGTH,SUPERNATURAL,product_distributor,COLON FLUSH XTRA STRENGTH | SUPERNATURAL
2025-12-01,539.1100000000001,-2232.6983416511807,3310.918341651181,sarimax,CoQ10-RED 60ct,KEHE,product_distributor,CoQ10-RED 60ct | KEHE
2025-12-01,159.9,-2611.9083416511808,2931.708341651181,sarimax,DAILY GENTLE CLEANSE,SUPERNATURAL,product_distributor,DAILY GENTLE CLEANSE | SUPERNATURAL
2025-10-01,31.979999999999997,-2739.828341651181,2803.788341651181,sarimax,DIGEST AID GLUTEN & DAIRY,SUPERNATURAL,product_distributor,DIGEST AID GLUTEN & DAIRY | SUPERNATURAL
2025-11-01,31.979999999999997,-3887.948949061978,3951.908949061978,sarimax,DIGEST AID GLUTEN & DAIRY,SUPERNATURAL,product_distributor,DIGEST AID GLUTEN & DAIRY | SUPERNATURAL
2025-12-01,31.979999999999997,-4768.932876583079,4832.892876583078,sarimax,DIGEST AID GLUTEN & DAIRY,SUPERNATURAL,product_distributor,DIGEST AID GLUTEN & DAIRY | SUPERNATURAL
2025-10-01,920.9800000000001,-1850.8283416511808,3692.788341651181,sarimax,DOUBLE POTENCY CBD 30MG VALUE SIZE 90SG,THRESHOLD,product_distributor,DOUBLE POTENCY CBD 30MG VALUE SIZE 90SG | THRESHOLD
2025-11-01,920.9800000000001,-2998.948949061978,4840.908949061978,sarimax,DOUBLE POTENCY CBD 30MG VALUE SIZE 90SG,THRESHOLD,product_distributor,DOUBLE POTENCY CBD 30MG VALUE SIZE 90SG | THRESHOLD
2025-12-01,920.9800000000001,-3879.9328765830783,5721.892876583079,sarimax,DOUBLE POTENCY CBD 30MG VALUE SIZE 90SG,THRESHOLD,product_distributor,DOUBLE POTENCY CBD 30MG VALUE SIZE 90SG | THRESHOLD
2025-05-01,624.72,-2147.0883416511806,3396.528341651181,sarimax,DOUBLE POTENCY FISH OIL PURE 60SG,THRESHOLD,product_distributor,DOUBLE POTENCY FISH OIL PURE 60SG | THRESHOLD
2025-06-01,624.72,-3295.2089490619783,4544.648949061978,sarimax,DOUBLE POTENCY FISH OIL PURE 60SG,THRESHOLD,product_distributor,DOUBLE POTENCY FISH OIL PURE 60SG | THRESHOLD
2025-07-01,624.72,-4176.192876583078,5425.6328765830785,sarimax,DOUBLE POTENCY FISH OIL PURE 60SG,THRESHOLD,product_distributor,DOUBLE POTENCY FISH OIL PURE 60SG | THRESHOLD
2025-08-01,624.72,-4918.896683302361,6168.336683302362,sarimax,DOUBLE POTENCY FISH OIL PURE 60SG,THRESHOLD,product_distributor,DOUBLE POTENCY FISH OIL PURE 60SG | THRESHOLD
2025-09-01,624.72,-5573.231872533002,6822.671872533003,sarimax,DOUBLE POTENCY FISH OIL PURE 60SG,THRESHOLD,product_distributor,DOUBLE POTENCY FISH OIL PURE 60SG | THRESHOLD
2025-10-01,624.72,-6164.796101835419,7414.2361018354195,sarimax,DOUBLE POTENCY FISH OIL PURE 60SG,THRESHOLD,product_distributor,DOUBLE POTENCY FISH OIL PURE 60SG | THRESHOLD
2025-11-01,624.72,-6708.795553943381,7958.235553943381,sarimax,DOUBLE POTENCY FISH OIL PURE 60SG,THRESHOLD,product_distributor,DOUBLE POTENCY FISH OIL PURE 60SG | THRESHOLD
2025-12-01,624.72,-7215.137898123956,8464.577898123956,sarimax,DOUBLE POTENCY FISH OIL PURE 60SG,THRESHOLD,product_distributor,DOUBLE POTENCY FISH OIL PURE 60SG | THRESHOLD
2025-07-01,29.740000000000094,-2742.0683416511806,2801.548341651181,sarimax,DOUBLE POTENCY FISH OIL PURE 60SG ##V,THRESHOLD,product_distributor,DOUBLE POTENCY FISH OIL PURE 60SG ##V | THRESHOLD
2025-08-01,29.740000000000094,-3890.188949061978,3949.6689490619783,sarimax,DOUBLE POTENCY FISH OIL PURE 60SG ##V,THRESHOLD,product_distributor,DOUBLE POTENCY FISH OIL PURE 60SG ##V | THRESHOLD
2025-09-01,29.740000000000094,-4771.1728765830785,4830.652876583078,sarimax,DOUBLE POTENCY FISH OIL PURE 60SG ##V,THRESHOLD,product_distributor,DOUBLE POTENCY FISH OIL PURE 60SG ##V | THRESHOLD
2025-10-01,29.740000000000094,-5513.876683302362,5573.3566833023615,sarimax,DOUBLE POTENCY FISH OIL PURE 60SG ##V,THRESHOLD,product_distributor,DOUBLE POTENCY FISH OIL PURE 60SG ##V | THRESHOLD
2025-11-01,29.740000000000094,-6168.211872533003,6227.691872533002,sarimax,DOUBLE POTENCY FISH OIL PURE 60SG ##V,THRESHOLD,product_distributor,DOUBLE POTENCY FISH OIL PURE 60SG ##V | THRESHOLD
2025-12-01,29.740000000000094,-6759.7761018354195,6819.256101835419,sarimax,DOUBLE POTENCY FISH OIL PURE 60SG ##V,THRESHOLD,product_distributor,DOUBLE POTENCY FISH OIL PURE 60SG ##V | THRESHOLD
2025-12-01,773.6,-1998.208341651181,3545.4083416511808,sarimax,DOUBLE POTENCY ONE PER DAY CBD 30MG 15SG,THRESHOLD,product_distributor,DOUBLE POTENCY ONE PER DAY CBD 30MG 15SG | THRESHOLD
2025-11-01,354.42999999999995,-2417.378341651181,3126.2383416511807,sarimax,DUAL ACTION FAT BURNER RED 75SG,THRESHOLD,product_distributor,DUAL ACTION FAT BURNER RED 75SG | THRESHOLD
2025-12-01,354.42999999999995,-3565.4989490619782,4274.358949061978,sarimax,DUAL ACTION FAT BURNER RED 75SG,THRESHOLD,product_distributor,DUAL ACTION FAT BURNER RED 75SG | THRESHOLD
2025-12-01,39.98,-2731.828341651181,2811.788341651181,sarimax,DUAL ACTION FAT BURNR RED,SUPERNATURAL,product_distributor,DUAL ACTION FAT BURNR RED | SUPERNATURAL
2025-12-01,59.95000000000002,-2711.858341651181,2831.7583416511807,sarimax,Daily Gentle Cleanse 60ct,KEHE,product_distributor,Daily Gentle Cleanse 60ct | KEHE
2025-12-01,323.82000000000016,-2447.9883416511807,3095.628341651181,sarimax,Daily Multi Testosterone UP Booster for Men 60ct,KEHE,product_distributor,Daily Multi Testosterone UP Booster for Men 60ct | KEHE
2025-12-01,33.98000000000001,-2737.828341651181,2805.788341651181,sarimax,Deep Tissue Collagen Pure,PALKO,product_distributor,Deep Tissue Collagen Pure | PALKO
2025-11-01,1259.1599999999999,-1512.648341651181,4030.9683416511807,sarimax,Deep Tissue Collagen-Pure 80ct,DIRECT,product_distributor,Deep Tissue Collagen-Pure 80ct | DIRECT
2025-12-01,1259.1599999999999,-2660.768949061978,5179.0889490619775,sarimax,Deep Tissue Collagen-Pure 80ct,DIRECT,product_distributor,Deep Tissue Collagen-Pure 80ct | DIRECT
2025-12-01,83.93,-2687.878341651181,2855.7383416511807,sarimax,Double Potency 5-HTP Extra 60ct,KEHE,product_distributor,Double Potency 5-HTP Extra 60ct | KEHE
2025-11-01,44.0,-2727.808341651181,2815.808341651181,sarimax,Double Potency 5-HTP Extra 60ct,UNFI,product_distributor,Double Potency 5-HTP Extra 60ct | UNFI
2025-12-01,44.0,-3875.928949061978,3963.928949061978,sarimax,Double Potency 5-HTP Extra 60ct,UNFI,product_distributor,Double Potency 5-HTP Extra 60ct | UNFI
2025-07-01,1490.04,-1281.768341651181,4261.848341651181,sarimax,Double Potency CBD 30mg 90ct Value Size 400cc,DIRECT,product_distributor,Double Potency CBD 30mg 90ct Value Size 400cc | DIRECT
2025-08-01,1490.04,-2429.888949061978,5409.9689490619785,sarimax,Double Potency CBD 30mg 90ct Value Size 400cc,DIRECT,product_distributor,Double Potency CBD 30mg 90ct Value Size 400cc | DIRECT
2025-09-01,1490.04,-3310.8728765830783,6290.952876583078,sarimax,Double Potency CBD 30mg 90ct Value Size 400cc,DIRECT,product_distributor,Double Potency CBD 30mg 90ct Value Size 400cc | DIRECT
2025-10-01,1490.04,-4053.5766833023617,7033.656683302362,sarimax,Double Potency CBD 30mg 90ct Value Size 400cc,DIRECT,product_distributor,Double Potency CBD 30mg 90ct Value Size 400cc | DIRECT
2025-11-01,1490.04,-4707.911872533003,7687.991872533003,sarimax,Double Potency CBD 30mg 90ct Value Size 400cc,DIRECT,product_distributor,Double Potency CBD 30mg 90ct Value Size 400cc | DIRECT
2025-12-01,1490.04,-5299.476101835419,8279.55610183542,sarimax,Double Potency CBD 30mg 90ct Value Size 400cc,DIRECT,product_distributor,Double Potency CBD 30mg 90ct Value Size 400cc | DIRECT
2025-12-01,61.000000000000014,-2710.808341651181,2832.808341651181,sarimax,Double- Potency Ginkgo Biloba 60ct,UNFI,product_distributor,Double- Potency Ginkgo Biloba 60ct | UNFI
2025-08-01,179.8800000000001,-2591.9283416511807,2951.688341651181,sarimax,Dual-Action Fat Burner RED 75ct,DIRECT,product_distributor,Dual-Action Fat Burner RED 75ct | DIRECT
2025-09-01,179.8800000000001,-3740.048949061978,4099.808949061979,sarimax,Dual-Action Fat Burner RED 75ct,DIRECT,product_distributor,Dual-Action Fat Burner RED 75ct | DIRECT
2025-10-01,179.8800000000001,-4621.032876583078,4980.792876583078,sarimax,Dual-Action Fat Burner RED 75ct,DIRECT,product_distributor,Dual-Action Fat Burner RED 75ct | DIRECT
2025-11-01,179.8800000000001,-5363.736683302362,5723.496683302362,sarimax,Dual-Action Fat Burner RED 75ct,DIRECT,product_distributor,Dual-Action Fat Burner RED 75ct | DIRECT
2025-12-01,179.8800000000001,-6018.0718725330025,6377.831872533003,sarimax,Dual-Action Fat Burner RED 75ct,DIRECT,product_distributor,Dual-Action Fat Burner RED 75ct | DIRECT
2025-12-01,65.59,-2706.2183416511807,2837.398341651181,sarimax,EXTRA STRENGTH CBD 50MG VALUE SIZE 90SG ,THRESHOLD,product_distributor,EXTRA STRENGTH CBD 50MG VALUE SIZE 90SG  | THRESHOLD
2025-12-01,1273.56,-1498.248341651181,4045.368341651181,sarimax,EXTRA STRENGTH ONE PER DAY CBD 50MG 15SG,THRESHOLD,product_distributor,EXTRA STRENGTH ONE PER DAY CBD 50MG 15SG | THRESHOLD
2025-11-01,198.72,-2573.088341651181,2970.5283416511807,sarimax,Energy & Endurance Testosterone UP Men Over 40,PALKO,product_distributor,Energy & Endurance Testosterone UP Men Over 40 | PALKO
2025-12-01,198.72,-3721.2089490619783,4118.648949061978,sarimax,Energy & Endurance Testosterone UP Men Over 40,PALKO,product_distributor,Energy & Endurance Testosterone UP Men Over 40 | PALKO
2025-12-01,1112.4700000000003,-1659.3383416511806,3884.278341651181,sarimax,Energy & Endurance Testosterone UP Men Over 40 60ct,KEHE,product_distributor,Energy & Endurance Testosterone UP Men Over 40 60ct | KEHE
2025-12-01,647.5500000000002,-2124.2583416511807,3419.358341651181,sarimax,Extra Strength Ashwagandha 60ct,KEHE,product_distributor,Extra Strength Ashwagandha 60ct | KEHE
2025-11-01,201.0,-2570.808341651181,2972.808341651181,sarimax,Extra Strength Ashwagandha 60ct,UNFI,product_distributor,Extra Strength Ashwagandha 60ct | UNFI
2025-12-01,201.0,-3718.928949061978,4120.928949061978,sarimax,Extra Strength Ashwagandha 60ct,UNFI,product_distributor,Extra Strength Ashwagandha 60ct | UNFI
2025-08-01,1439.7600000000007,-1332.0483416511802,4211.568341651182,sarimax,Extra Strength CBD 50mg 90ct Value Size 400cc,DIRECT,product_distributor,Extra Strength CBD 50mg 90ct Value Size 400cc | DIRECT
2025-09-01,1439.7600000000007,-2480.1689490619774,5359.688949061979,sarimax,Extra Strength CBD 50mg 90ct Value Size 400cc,DIRECT,product_distributor,Extra Strength CBD 50mg 90ct Value Size 400cc | DIRECT
2025-10-01,1439.7600000000007,-3361.1528765830776,6240.672876583079,sarimax,Extra Strength CBD 50mg 90ct Value Size 400cc,DIRECT,product_distributor,Extra Strength CBD 50mg 90ct Value Size 400cc | DIRECT
2025-11-01,1439.7600000000007,-4103.8566833023615,6983.376683302362,sarimax,Extra Strength CBD 50mg 90ct Value Size 400cc,DIRECT,product_distributor,Extra Strength CBD 50mg 90ct Value Size 400cc | DIRECT
2025-12-01,1439.7600000000007,-4758.1918725330015,7637.711872533004,sarimax,Extra Strength CBD 50mg 90ct Value Size 400cc,DIRECT,product_distributor,Extra Strength CBD 50mg 90ct Value Size 400cc | DIRECT
2025-06-01,1986.72,-785.0883416511808,4758.528341651181,sarimax,Extra Strength CBD Oil 2000mg (peppermint) 2 fl. oz.,DIRECT,product_distributor,Extra Strength CBD Oil 2000mg (peppermint) 2 fl. oz. | DIRECT
2025-07-01,1986.72,-1933.208949061978,5906.648949061978,sarimax,Extra Strength CBD Oil 2000mg (peppermint) 2 fl. oz.,DIRECT,product_distributor,Extra Strength CBD Oil 2000mg (peppermint) 2 fl. oz. | DIRECT
2025-08-01,1986.72,-2814.192876583078,6787.6328765830785,sarimax,Extra Strength CBD Oil 2000mg (peppermint) 2 fl. oz.,DIRECT,product_distributor,Extra Strength CBD Oil 2000mg (peppermint) 2 fl. oz. | DIRECT
2025-09-01,1986.72,-3556.8966833023615,7530.336683302362,sarimax,Extra Strength CBD Oil 2000mg (peppermint) 2 fl. oz.,DIRECT,product_distributor,Extra Strength CBD Oil 2000mg (peppermint) 2 fl. oz. | DIRECT
2025-10-01,1986.72,-4211.231872533002,8184.671872533003,sarimax,Extra Strength CBD Oil 2000mg (peppermint) 2 fl. oz.,DIRECT,product_distributor,Extra Strength CBD Oil 2000mg (peppermint) 2 fl. oz. | DIRECT
2025-11-01,1986.72,-4802.796101835419,8776.236101835419,sarimax,Extra Strength CBD Oil 2000mg (peppermint) 2 fl. oz.,DIRECT,product_distributor,Extra Strength CBD Oil 2000mg (peppermint) 2 fl. oz. | DIRECT
2025-12-01,1986.72,-5346.795553943381,9320.235553943381,sarimax,Extra Strength CBD Oil 2000mg (peppermint) 2 fl. oz.,DIRECT,product_distributor,Extra Strength CBD Oil 2000mg (peppermint) 2 fl. oz. | DIRECT
2025-05-01,993.3600000000004,-1778.4483416511805,3765.1683416511814,sarimax,Extra Strength CBD Oil Drops 2000mg (flavorless) 2 fl. oz.,DIRECT,product_distributor,Extra Strength CBD Oil Drops 2000mg (flavorless) 2 fl. oz. | DIRECT
2025-06-01,993.3600000000004,-2926.568949061978,4913.288949061978,sarimax,Extra Strength CBD Oil Drops 2000mg (flavorless) 2 fl. oz.,DIRECT,product_distributor,Extra Strength CBD Oil Drops 2000mg (flavorless) 2 fl. oz. | DIRECT
2025-07-01,993.3600000000004,-3807.5528765830777,5794.272876583079,sarimax,Extra Strength CBD Oil Drops 2000mg (flavorless) 2 fl. oz.,DIRECT,product_distributor,Extra Strength CBD Oil Drops 2000mg (flavorless) 2 fl. oz. | DIRECT
2025-08-01,993.3600000000004,-4550.256683302361,6536.976683302362,sarimax,Extra Strength CBD Oil Drops 2000mg (flavorless) 2 fl. oz.,DIRECT,product_distributor,Extra Strength CBD Oil Drops 2000mg (flavorless) 2 fl. oz. | DIRECT
2025-09-01,993.3600000000004,-5204.591872533002,7191.311872533003,sarimax,Extra Strength CBD Oil Drops 2000mg (flavorless) 2 fl. oz.,DIRECT,product_distributor,Extra Strength CBD Oil Drops 2000mg (flavorless) 2 fl. oz. | DIRECT
2025-10-01,993.3600000000004,-5796.156101835419,7782.87610183542,sarimax,Extra Strength CBD Oil Drops 2000mg (flavorless) 2 fl. oz.,DIRECT,product_distributor,Extra Strength CBD Oil Drops 2000mg (flavorless) 2 fl. oz. | DIRECT
2025-11-01,993.3600000000004,-6340.15555394338,8326.87555394338,sarimax,Extra Strength CBD Oil Drops 2000mg (flavorless) 2 fl. oz.,DIRECT,product_distributor,Extra Strength CBD Oil Drops 2000mg (flavorless) 2 fl. oz. | DIRECT
2025-12-01,993.3600000000004,-6846.497898123956,8833.217898123956,sarimax,Extra Strength CBD Oil Drops 2000mg (flavorless) 2 fl. oz.,DIRECT,product_distributor,Extra Strength CBD Oil Drops 2000mg (flavorless) 2 fl. oz. | DIRECT
2025-12-01,26.000000000000007,-2745.808341651181,2797.808341651181,sarimax,Extra Strength Colon Flush 60ct,UNFI,product_distributor,Extra Strength Colon Flush 60ct | UNFI
2025-12-01,805.9200000000001,-1965.8883416511808,3577.728341651181,sarimax,Extra-Energy Thermo-Fuel Max Fat Burner 100ct,KEHE,product_distributor,Extra-Energy Thermo-Fuel Max Fat Burner 100ct | KEHE
2025-12-01,55.17,-2716.638341651181,2826.978341651181,sarimax,FORSKOLIN LIPO STIMULATOR,SUPERNATURAL,product_distributor,FORSKOLIN LIPO STIMULATOR | SUPERNATURAL
2025-11-01,46.89,-2724.918341651181,2818.6983416511807,sarimax,Forskolin Fat Loss Diet Stimulator,PALKO,product_distributor,Forskolin Fat Loss Diet Stimulator | PALKO
2025-12-01,46.89,-3873.038949061978,3966.818949061978,sarimax,Forskolin Fat Loss Diet Stimulator,PALKO,product_distributor,Forskolin Fat Loss Diet Stimulator | PALKO
2025-12-01,17.0,-2754.808341651181,2788.808341651181,sarimax,Forskolin Fat-Loss Diet Stimulator 60ct,UNFI,product_distributor,Forskolin Fat-Loss Diet Stimulator 60ct | UNFI
2025-12-01,0.0,-2771.808341651181,2771.808341651181,sarimax,GARCINIA HCA FAT REDCTION,SUPERNATURAL,product_distributor,GARCINIA HCA FAT REDCTION | SUPERNATURAL
2025-11-01,105.18000000000002,-2666.628341651181,2876.9883416511807,sarimax,GARCINIA HCA FAT REDUCTION DIET 90SG,THRESHOLD,product_distributor,GARCINIA HCA FAT REDUCTION DIET 90SG | THRESHOLD
2025-12-01,105.18000000000002,-3814.7489490619782,4025.108949061978,sarimax,GARCINIA HCA FAT REDUCTION DIET 90SG,THRESHOLD,product_distributor,GARCINIA HCA FAT REDUCTION DIET 90SG | THRESHOLD
2025-12-01,335.88,-2435.9283416511807,3107.688341651181,sarimax,GINKGO FOCUS&MEMORY VALUE,SUPERNATURAL,product_distributor,GINKGO FOCUS&MEMORY VALUE | SUPERNATURAL
2025-05-01,220.00000000000023,-2551.808341651181,2991.808341651181,sarimax,GINZA PLUS ENDURANCE VITALITY BALANCE 75SG,THRESHOLD,product_distributor,GINZA PLUS ENDURANCE VITALITY BALANCE 75SG | THRESHOLD
2025-06-01,220.00000000000023,-3699.9289490619776,4139.9289490619785,sarimax,GINZA PLUS ENDURANCE VITALITY BALANCE 75SG,THRESHOLD,product_distributor,GINZA PLUS ENDURANCE VITALITY BALANCE 75SG | THRESHOLD
2025-07-01,220.00000000000023,-4580.912876583078,5020.912876583078,sarimax,GINZA PLUS ENDURANCE VITALITY BALANCE 75SG,THRESHOLD,product_distributor,GINZA PLUS ENDURANCE VITALITY BALANCE 75SG | THRESHOLD
2025-08-01,220.00000000000023,-5323.616683302362,5763.616683302362,sarimax,GINZA PLUS ENDURANCE VITALITY BALANCE 75SG,THRESHOLD,product_distributor,GINZA PLUS ENDURANCE VITALITY BALANCE 75SG | THRESHOLD
2025-09-01,220.00000000000023,-5977.951872533003,6417.951872533003,sarimax,GINZA PLUS ENDURANCE VITALITY BALANCE 75SG,THRESHOLD,product_distributor,GINZA PLUS ENDURANCE VITALITY BALANCE 75SG | THRESHOLD
2025-10-01,220.00000000000023,-6569.516101835419,7009.516101835419,sarimax,GINZA PLUS ENDURANCE VITALITY BALANCE 75SG,THRESHOLD,product_distributor,GINZA PLUS ENDURANCE VITALITY BALANCE 75SG | THRESHOLD
2025-11-01,220.00000000000023,-7113.515553943381,7553.515553943381,sarimax,GINZA PLUS ENDURANCE VITALITY BALANCE 75SG,THRESHOLD,product_distributor,GINZA PLUS ENDURANCE VITALITY BALANCE 75SG | THRESHOLD
2025-12-01,220.00000000000023,-7619.857898123956,8059.857898123956,sarimax,GINZA PLUS ENDURANCE VITALITY BALANCE 75SG,THRESHOLD,product_distributor,GINZA PLUS ENDURANCE VITALITY BALANCE 75SG | THRESHOLD
2025-11-01,127.96000000000004,-2643.848341651181,2899.768341651181,sarimax,GREEN TEA FAT METABOLIZER,SUPERNATURAL,product_distributor,GREEN TEA FAT METABOLIZER | SUPERNATURAL
2025-12-01,127.96000000000004,-3791.968949061978,4047.888949061978,sarimax,GREEN TEA FAT METABOLIZER,SUPERNATURAL,product_distributor,GREEN TEA FAT METABOLIZER | SUPERNATURAL
2025-09-01,-158.27999999999997,-2930.0883416511806,2613.528341651181,sarimax,Garcinia HCA Fat Reduction Diet 90ct,DIRECT,product_distributor,Garcinia HCA Fat Reduction Diet 90ct | DIRECT
2025-10-01,-158.27999999999997,-4078.2089490619783,3761.648949061978,sarimax,Garcinia HCA Fat Reduction Diet 90ct,DIRECT,product_distributor,Garcinia HCA Fat Reduction Diet 90ct | DIRECT
2025-11-01,-158.27999999999997,-4959.192876583078,4642.6328765830785,sarimax,Garcinia HCA Fat Reduction Diet 90ct,DIRECT,product_distributor,Garcinia HCA Fat Reduction Diet 90ct | DIRECT
2025-12-01,-158.27999999999997,-5701.896683302361,5385.336683302362,sarimax,Garcinia HCA Fat Reduction Diet 90ct,DIRECT,product_distributor,Garcinia HCA Fat Reduction Diet 90ct | DIRECT
2025-11-01,67.0,-2704.808341651181,2838.808341651181,sarimax,Ginkgo Smart Maximum Focus & Memory 120ct VALUE SIZE,UNFI,product_distributor,Ginkgo Smart Maximum Focus & Memory 120ct VALUE SIZE | UNFI
2025-12-01,67.0,-3852.928949061978,3986.928949061978,sarimax,Ginkgo Smart Maximum Focus & Memory 120ct VALUE SIZE,UNFI,product_distributor,Ginkgo Smart Maximum Focus & Memory 120ct VALUE SIZE | UNFI
2025-12-01,1199.0,-1572.8083416511809,3970.808341651181,sarimax,Ginkgo Smart Maximum Focus & Memory 60ct,KEHE,product_distributor,Ginkgo Smart Maximum Focus & Memory 60ct | KEHE
2025-12-01,75.0,-2696.808341651181,2846.808341651181,sarimax,Ginkgo Smart Maximum Focus & Memory 60ct,UNFI,product_distributor,Ginkgo Smart Maximum Focus & Memory 60ct | UNFI
2025-11-01,11.990000000000002,-2759.818341651181,2783.7983416511806,sarimax,Gluten & Dairy Digestive Aid 50ct,KEHE,product_distributor,Gluten & Dairy Digestive Aid 50ct | KEHE
2025-12-01,11.990000000000002,-3907.9389490619783,3931.918949061978,sarimax,Gluten & Dairy Digestive Aid 50ct,KEHE,product_distributor,Gluten & Dairy Digestive Aid 50ct | KEHE
2025-12-01,111.93,-2659.878341651181,2883.7383416511807,sarimax,Good Mood Sleep PM,PALKO,product_distributor,Good Mood Sleep PM | PALKO
2025-12-01,1330.8900000000003,-1440.9183416511805,4102.698341651181,sarimax,Green Tea Fat Burner 90ct SSLV,KEHE,product_distributor,Green Tea Fat Burner 90ct SSLV | KEHE
2025-12-01,59.960000000000015,-2711.848341651181,2831.768341651181,sarimax,Green Tea Fat Metabolizer 75ct,KEHE,product_distributor,Green Tea Fat Metabolizer 75ct | KEHE
2025-12-01,171.99999999999997,-2599.808341651181,2943.808341651181,sarimax,Green Tea Fat Metabolizer 75ct,UNFI,product_distributor,Green Tea Fat Metabolizer 75ct | UNFI
2025-12-01,287.85,-2483.958341651181,3059.6583416511808,sarimax,Gut-to-Brain Hunger Control 60ct,KEHE,product_distributor,Gut-to-Brain Hunger Control 60ct | KEHE
2025-10-01,191.92000000000002,-2579.888341651181,2963.728341651181,sarimax,HEALTHY BRAIN ALA&BACOPA,SUPERNATURAL,product_distributor,HEALTHY BRAIN ALA&BACOPA | SUPERNATURAL
2025-11-01,191.92000000000002,-3728.008949061978,4111.848949061978,sarimax,HEALTHY BRAIN ALA&BACOPA,SUPERNATURAL,product_distributor,HEALTHY BRAIN ALA&BACOPA | SUPERNATURAL
2025-12-01,191.92000000000002,-4608.992876583078,4992.832876583078,sarimax,HEALTHY BRAIN ALA&BACOPA,SUPERNATURAL,product_distributor,HEALTHY BRAIN ALA&BACOPA | SUPERNATURAL
2025-05-01,450.10999999999996,-2321.6983416511807,3221.918341651181,sarimax,HEALTHY TRACT PREBIOTIC 60SG,THRESHOLD,product_distributor,HEALTHY TRACT PREBIOTIC 60SG | THRESHOLD
2025-06-01,450.10999999999996,-3469.818949061978,4370.038949061978,sarimax,HEALTHY TRACT PREBIOTIC 60SG,THRESHOLD,product_distributor,HEALTHY TRACT PREBIOTIC 60SG | THRESHOLD
2025-07-01,450.10999999999996,-4350.802876583079,5251.022876583078,sarimax,HEALTHY TRACT PREBIOTIC 60SG,THRESHOLD,product_distributor,HEALTHY TRACT PREBIOTIC 60SG | THRESHOLD
2025-08-01,450.10999999999996,-5093.506683302362,5993.726683302361,sarimax,HEALTHY TRACT PREBIOTIC 60SG,THRESHOLD,product_distributor,HEALTHY TRACT PREBIOTIC 60SG | THRESHOLD
2025-09-01,450.10999999999996,-5747.841872533003,6648.061872533002,sarimax,HEALTHY TRACT PREBIOTIC 60SG,THRESHOLD,product_distributor,HEALTHY TRACT PREBIOTIC 60SG | THRESHOLD
2025-10-01,450.10999999999996,-6339.40610183542,7239.626101835419,sarimax,HEALTHY TRACT PREBIOTIC 60SG,THRESHOLD,product_distributor,HEALTHY TRACT PREBIOTIC 60SG | THRESHOLD
2025-11-01,450.10999999999996,-6883.405553943381,7783.6255539433805,sarimax,HEALTHY TRACT PREBIOTIC 60SG,THRESHOLD,product_distributor,HEALTHY TRACT PREBIOTIC 60SG | THRESHOLD
2025-12-01,450.10999999999996,-7389.7478981239565,8289.967898123956,sarimax,HEALTHY TRACT PREBIOTIC 60SG,THRESHOLD,product_distributor,HEALTHY TRACT PREBIOTIC 60SG | THRESHOLD
2025-07-01,51.490000000000066,-2720.3183416511806,2823.298341651181,sarimax,HEALTHY TRACT PREBIOTIC 60SG ##V,THRESHOLD,product_distributor,HEALTHY TRACT PREBIOTIC 60SG ##V | THRESHOLD
2025-08-01,51.490000000000066,-3868.438949061978,3971.4189490619783,sarimax,HEALTHY TRACT PREBIOTIC 60SG ##V,THRESHOLD,product_distributor,HEALTHY TRACT PREBIOTIC 60SG ##V | THRESHOLD
2025-09-01,51.490000000000066,-4749.4228765830785,4852.402876583078,sarimax,HEALTHY TRACT PREBIOTIC 60SG ##V,THRESHOLD,product_distributor,HEALTHY TRACT PREBIOTIC 60SG ##V | THRESHOLD
2025-10-01,51.490000000000066,-5492.126683302362,5595.1066833023615,sarimax,HEALTHY TRACT PREBIOTIC 60SG ##V,THRESHOLD,product_distributor,HEALTHY TRACT PREBIOTIC 60SG ##V | THRESHOLD
2025-11-01,51.490000000000066,-6146.461872533003,6249.441872533002,sarimax,HEALTHY TRACT PREBIOTIC 60SG ##V,THRESHOLD,product_distributor,HEALTHY TRACT PREBIOTIC 60SG ##V | THRESHOLD
2025-12-01,51.490000000000066,-6738.0261018354195,6841.006101835419,sarimax,HEALTHY TRACT PREBIOTIC 60SG ##V,THRESHOLD,product_distributor,HEALTHY TRACT PREBIOTIC 60SG ##V | THRESHOLD
2025-11-01,1.4210854715202004e-14,-2771.808341651181,2771.808341651181,sarimax,Healthy Brain ALA 60ct,DIRECT,product_distributor,Healthy Brain ALA 60ct | DIRECT
2025-12-01,1.4210854715202004e-14,-3919.928949061978,3919.928949061978,sarimax,Healthy Brain ALA 60ct,DIRECT,product_distributor,Healthy Brain ALA 60ct | DIRECT
2025-06-01,40.77000000000001,-2731.038341651181,2812.578341651181,sarimax,Healthy Tract Prebiotic,PALKO,product_distributor,Healthy Tract Prebiotic | PALKO
2025-07-01,40.77000000000001,-3879.158949061978,3960.698949061978,sarimax,Healthy Tract Prebiotic,PALKO,product_distributor,Healthy Tract Prebiotic | PALKO
2025-08-01,40.77000000000001,-4760.142876583078,4841.682876583079,sarimax,Healthy Tract Prebiotic,PALKO,product_distributor,Healthy Tract Prebiotic | PALKO
2025-09-01,40.77000000000001,-5502.846683302361,5584.386683302362,sarimax,Healthy Tract Prebiotic,PALKO,product_distributor,Healthy Tract Prebiotic | PALKO
2025-10-01,40.77000000000001,-6157.181872533002,6238.721872533003,sarimax,Healthy Tract Prebiotic,PALKO,product_distributor,Healthy Tract Prebiotic | PALKO
2025-11-01,40.77000000000001,-6748.746101835419,6830.28610183542,sarimax,Healthy Tract Prebiotic,PALKO,product_distributor,Healthy Tract Prebiotic | PALKO
2025-12-01,40.77000000000001,-7292.74555394338,7374.285553943381,sarimax,Healthy Tract Prebiotic,PALKO,product_distributor,Healthy Tract Prebiotic | PALKO
2025-12-01,125.99999999999997,-2645.808341651181,2897.808341651181,sarimax,Healthy-Flow Saw Palmetto 60ct,UNFI,product_distributor,Healthy-Flow Saw Palmetto 60ct | UNFI
2025-12-01,399.2299999999999,-2372.578341651181,3171.038341651181,sarimax,High Potency Mega D3+K2 Turmeric Extract 60ct,KEHE,product_distributor,High Potency Mega D3+K2 Turmeric Extract 60ct | KEHE
2025-12-01,96.99999999999997,-2674.808341651181,2868.808341651181,sarimax,High Potency Mega D3+K2 Turmeric Extract 60ct,UNFI,product_distributor,High Potency Mega D3+K2 Turmeric Extract 60ct | UNFI
2025-12-01,323.88,-2447.9283416511807,3095.688341651181,sarimax,INHOLTRA,SUPERNATURAL,product_distributor,INHOLTRA | SUPERNATURAL
2025-12-01,251.8,-2520.0083416511807,3023.608341651181,sarimax,Immuno-Shield All Season Wellness 100ct,KEHE,product_distributor,Immuno-Shield All Season Wellness 100ct | KEHE
2025-12-01,302.22,-2469.5883416511806,3074.028341651181,sarimax,Inflamma-Less 80ct,KEHE,product_distributor,Inflamma-Less 80ct | KEHE
2025-11-01,59.0,-2712.808341651181,2830.808341651181,sarimax,Inholtra Premium Lubri-Joint 120ct,UNFI,product_distributor,Inholtra Premium Lubri-Joint 120ct | UNFI
2025-12-01,59.0,-3860.928949061978,3978.928949061978,sarimax,Inholtra Premium Lubri-Joint 120ct,UNFI,product_distributor,Inholtra Premium Lubri-Joint 120ct | UNFI
2025-12-01,19.99,-2751.818341651181,2791.7983416511806,sarimax,KETO-KARMA BURN FAT RED,SUPERNATURAL,product_distributor,KETO-KARMA BURN FAT RED | SUPERNATURAL
2025-12-01,59.97,-2711.838341651181,2831.7783416511807,sarimax,Keto Karma Burn Fat RED,PALKO,product_distributor,Keto Karma Burn Fat RED | PALKO
2025-12-01,16.990000000000016,-2754.8183416511806,2788.798341651181,sarimax,L Arginine + Horny Goat Weed,PALKO,product_distributor,L Arginine + Horny Goat Weed | PALKO
2025-11-01,97.52999999999999,-2674.2783416511807,2869.338341651181,sarimax,L Citruline + L Arginine,PALKO,product_distributor,L Citruline + L Arginine | PALKO
2025-12-01,97.52999999999999,-3822.398949061978,4017.4589490619783,sarimax,L Citruline + L Arginine,PALKO,product_distributor,L Citruline + L Arginine | PALKO
2025-12-01,89.94,-2681.868341651181,2861.748341651181,sarimax,L-Arginine + Horney Goat Weed 75ct,KEHE,product_distributor,L-Arginine + Horney Goat Weed 75ct | KEHE
2025-12-01,48.0,-2723.808341651181,2819.808341651181,sarimax,L-Arginine + Horney Goat Weed 75ct,UNFI,product_distributor,L-Arginine + Horney Goat Weed 75ct | UNFI
2025-12-01,38.38000000000001,-2733.4283416511807,2810.188341651181,sarimax,LIBIDO-MAX RED TURBO,SUPERNATURAL,product_distributor,LIBIDO-MAX RED TURBO | SUPERNATURAL
2025-12-01,199.89999999999998,-2571.9083416511808,2971.708341651181,sarimax,LIVER DETOX&BLOOD REFRESH,SUPERNATURAL,product_distributor,LIVER DETOX&BLOOD REFRESH | SUPERNATURAL
2025-12-01,55.97999999999999,-2715.828341651181,2827.788341651181,sarimax,LONGER STRONGER HAIR&NAIL,SUPERNATURAL,product_distributor,LONGER STRONGER HAIR&NAIL | SUPERNATURAL
2025-12-01,474.48,-2297.328341651181,3246.288341651181,sarimax,Libido-Max RED 30ct SKINNY,DIRECT,product_distributor,Libido-Max RED 30ct SKINNY | DIRECT
2025-12-01,685.88,-2085.9283416511807,3457.688341651181,sarimax,Libido-Max for Active Men 60ct,KEHE,product_distributor,Libido-Max for Active Men 60ct | KEHE
2025-11-01,31.999999999999993,-2739.808341651181,2803.808341651181,sarimax,Libido-Max for Active Men 60ct,UNFI,product_distributor,Libido-Max for Active Men 60ct | UNFI
2025-12-01,31.999999999999993,-3887.928949061978,3951.928949061978,sarimax,Libido-Max for Active Men 60ct,UNFI,product_distributor,Libido-Max for Active Men 60ct | UNFI
2025-11-01,59.0,-2712.808341651181,2830.808341651181,sarimax,Liquid Quick-Delivery Ashwagandha Mind Body 10ct,UNFI,product_distributor,Liquid Quick-Delivery Ashwagandha Mind Body 10ct | UNFI
2025-12-01,59.0,-3860.928949061978,3978.928949061978,sarimax,Liquid Quick-Delivery Ashwagandha Mind Body 10ct,UNFI,product_distributor,Liquid Quick-Delivery Ashwagandha Mind Body 10ct | UNFI
2025-12-01,1394.07,-1377.738341651181,4165.878341651181,sarimax,Liver Detox & Blood Refresh 60ct,KEHE,product_distributor,Liver Detox & Blood Refresh 60ct | KEHE
2025-11-01,29.0,-2742.808341651181,2800.808341651181,sarimax,Living Green Liquid-Gel Multi for MEN 120ct VALUE SIZE,UNFI,product_distributor,Living Green Liquid-Gel Multi for MEN 120ct VALUE SIZE | UNFI
2025-12-01,29.0,-3890.928949061978,3948.928949061978,sarimax,Living Green Liquid-Gel Multi for MEN 120ct VALUE SIZE,UNFI,product_distributor,Living Green Liquid-Gel Multi for MEN 120ct VALUE SIZE | UNFI
2025-12-01,121.73000000000003,-2650.078341651181,2893.538341651181,sarimax,Living Green Liquid-Gel Multi for MEN 90ct,KEHE,product_distributor,Living Green Liquid-Gel Multi for MEN 90ct | KEHE
2025-12-01,52.00000000000001,-2719.808341651181,2823.808341651181,sarimax,Living Green Liquid-Gel Multi for WOMEN 120ct VALUE SIZE,UNFI,product_distributor,Living Green Liquid-Gel Multi for WOMEN 120ct VALUE SIZE | UNFI
2025-12-01,104.34000000000002,-2667.4683416511807,2876.148341651181,sarimax,Living Green Liquid-Gel Multi for WOMEN 90ct,KEHE,product_distributor,Living Green Liquid-Gel Multi for WOMEN 90ct | KEHE
2025-11-01,117.0,-2654.808341651181,2888.808341651181,sarimax,Living Green Liquid-Gel Multi for WOMEN 90ct,UNFI,product_distributor,Living Green Liquid-Gel Multi for WOMEN 90ct | UNFI
2025-12-01,117.0,-3802.928949061978,4036.928949061978,sarimax,Living Green Liquid-Gel Multi for WOMEN 90ct,UNFI,product_distributor,Living Green Liquid-Gel Multi for WOMEN 90ct | UNFI
2025-12-01,263.7800000000001,-2508.0283416511807,3035.588341651181,sarimax,Longer Stronger Hair & Nails 60ct,KEHE,product_distributor,Longer Stronger Hair & Nails 60ct | KEHE
2025-11-01,47.0,-2724.808341651181,2818.808341651181,sarimax,Longer Stronger Hair & Nails 60ct,UNFI,product_distributor,Longer Stronger Hair & Nails 60ct | UNFI
2025-12-01,47.0,-3872.928949061978,3966.928949061978,sarimax,Longer Stronger Hair & Nails 60ct,UNFI,product_distributor,Longer Stronger Hair & Nails 60ct | UNFI
2025-12-01,40.76999999999999,-2731.038341651181,2812.578341651181,sarimax,Longer Stroniger Hair & Nails,PALKO,product_distributor,Longer Stroniger Hair & Nails | PALKO
2025-11-01,52.17,-2719.638341651181,2823.978341651181,sarimax,Love My Legs 60ct,KEHE,product_distributor,Love My Legs 60ct | KEHE
2025-12-01,52.17,-3867.758949061978,3972.098949061978,sarimax,Love My Legs 60ct,KEHE,product_distributor,Love My Legs 60ct | KEHE
2025-11-01,129.54,-2642.268341651181,2901.348341651181,sarimax,MAG + MILK THISTLE&TURMRC,SUPERNATURAL,product_distributor,MAG + MILK THISTLE&TURMRC | SUPERNATURAL
2025-12-01,129.54,-3790.388949061978,4049.468949061978,sarimax,MAG + MILK THISTLE&TURMRC,SUPERNATURAL,product_distributor,MAG + MILK THISTLE&TURMRC | SUPERNATURAL
2025-12-01,41.980000000000004,-2729.828341651181,2813.788341651181,sarimax,MULTI HERB DIGEST & DETOX,SUPERNATURAL,product_distributor,MULTI HERB DIGEST & DETOX | SUPERNATURAL
2025-12-01,83.96000000000001,-2687.848341651181,2855.768341651181,sarimax,MULTI-HERB CLEANSE,SUPERNATURAL,product_distributor,MULTI-HERB CLEANSE | SUPERNATURAL
2025-12-01,36.78,-2735.0283416511807,2808.588341651181,sarimax,MUSHROOM & IMMUNE SUPPORT,SUPERNATURAL,product_distributor,MUSHROOM & IMMUNE SUPPORT | SUPERNATURAL
2025-12-01,464.69,-2307.118341651181,3236.498341651181,sarimax,Maca Root and Ashwagandha 75ct,KEHE,product_distributor,Maca Root and Ashwagandha 75ct | KEHE
2025-12-01,48.0,-2723.808341651181,2819.808341651181,sarimax,Maca Root and Ashwagandha 75ct,UNFI,product_distributor,Maca Root and Ashwagandha 75ct | UNFI
2025-11-01,453.24,-2318.568341651181,3225.0483416511806,sarimax,Maximum Strength 3 -in- 1 Carb Blocker 84ct 300cc,DIRECT,product_distributor,Maximum Strength 3 -in- 1 Carb Blocker 84ct 300cc | DIRECT
2025-12-01,453.24,-3466.688949061978,4373.168949061978,sarimax,Maximum Strength 3 -in- 1 Carb Blocker 84ct 300cc,DIRECT,product_distributor,Maximum Strength 3 -in- 1 Carb Blocker 84ct 300cc | DIRECT
2025-11-01,382.0,-2389.808341651181,3153.808341651181,sarimax,Maximum Strength 3-in-1 Carb Blocker 150ct VALUE SIZE,UNFI,product_distributor,Maximum Strength 3-in-1 Carb Blocker 150ct VALUE SIZE | UNFI
2025-12-01,382.0,-3537.928949061978,4301.928949061978,sarimax,Maximum Strength 3-in-1 Carb Blocker 150ct VALUE SIZE,UNFI,product_distributor,Maximum Strength 3-in-1 Carb Blocker 150ct VALUE SIZE | UNFI
2025-12-01,1079.1,-1692.708341651181,3850.9083416511808,sarimax,Maximum Strength 3-in-1 Carb Blocker 75ct,KEHE,product_distributor,Maximum Strength 3-in-1 Carb Blocker 75ct | KEHE
2025-12-01,38.99999999999999,-2732.808341651181,2810.808341651181,sarimax,Maximum Strength 3-in-1 Carb Blocker 75ct,UNFI,product_distributor,Maximum Strength 3-in-1 Carb Blocker 75ct | UNFI
2025-12-01,875.27,-1896.5383416511809,3647.078341651181,sarimax,Mighty Moringa 60ct,KEHE,product_distributor,Mighty Moringa 60ct | KEHE
2025-12-01,201.0,-2570.808341651181,2972.808341651181,sarimax,Mighty Moringa 60ct,UNFI,product_distributor,Mighty Moringa 60ct | UNFI
2025-12-01,117.36000000000007,-2654.4483416511807,2889.168341651181,sarimax,Milk Thistle Liver Cleanse 60ct,KEHE,product_distributor,Milk Thistle Liver Cleanse 60ct | KEHE
2025-12-01,349.0,-2422.808341651181,3120.808341651181,sarimax,Milk Thistle Liver Cleanse 60ct,UNFI,product_distributor,Milk Thistle Liver Cleanse 60ct | UNFI
2025-12-01,9004.869999999999,6233.061658348818,11776.678341651179,sarimax,Milk Thistle Liver Detox 60ct,KEHE,product_distributor,Milk Thistle Liver Detox 60ct | KEHE
2025-12-01,58.00000000000001,-2713.808341651181,2829.808341651181,sarimax,Milk Thistle Liver Detox 60ct,UNFI,product_distributor,Milk Thistle Liver Detox 60ct | UNFI
2025-11-01,629.6400000000001,-2142.1683416511805,3401.448341651181,sarimax,Multi Herb Digestion & Detox Support 275ct ECONOMY SIZE,DIRECT,product_distributor,Multi Herb Digestion & Detox Support 275ct ECONOMY SIZE | DIRECT
2025-12-01,629.6400000000001,-3290.288949061978,4549.568949061978,sarimax,Multi Herb Digestion & Detox Support 275ct ECONOMY SIZE,DIRECT,product_distributor,Multi Herb Digestion & Detox Support 275ct ECONOMY SIZE | DIRECT
2025-11-01,661.1200000000001,-2110.688341651181,3432.9283416511807,sarimax,Multi Herb Digestion & Detox Support 275ct ECONOMY SIZE,ALL,product_distributor,Multi Herb Digestion & Detox Support 275ct ECONOMY SIZE | ALL
2025-12-01,661.1200000000001,-3258.8089490619777,4581.048949061978,sarimax,Multi Herb Digestion & Detox Support 275ct ECONOMY SIZE,ALL,product_distributor,Multi Herb Digestion & Detox Support 275ct ECONOMY SIZE | ALL
2025-12-01,17.000000000000007,-2754.808341651181,2788.808341651181,sarimax,Multi-Herb Colon Cleanse 275ct ECONOMY SIZE,UNFI,product_distributor,Multi-Herb Colon Cleanse 275ct ECONOMY SIZE | UNFI
2025-11-01,239.89999999999998,-2531.9083416511808,3011.708341651181,sarimax,NEXT LEVEL STEEL LIBIDO,SUPERNATURAL,product_distributor,NEXT LEVEL STEEL LIBIDO | SUPERNATURAL
2025-12-01,239.89999999999998,-3680.028949061978,4159.828949061978,sarimax,NEXT LEVEL STEEL LIBIDO,SUPERNATURAL,product_distributor,NEXT LEVEL STEEL LIBIDO | SUPERNATURAL
2025-12-01,40.78000000000003,-2731.0283416511807,2812.588341651181,sarimax,Next Level Steel Libido X2,PALKO,product_distributor,Next Level Steel Libido X2 | PALKO
2025-12-01,1115.38,-1656.4283416511807,3887.188341651181,sarimax,Next Level Steel Libido X2 75ct,KEHE,product_distributor,Next Level Steel Libido X2 75ct | KEHE
2025-12-01,85.00000000000001,-2686.808341651181,2856.808341651181,sarimax,Next Level Steel Libido X2 75ct,UNFI,product_distributor,Next Level Steel Libido X2 75ct | UNFI
2025-12-01,634.34,-2137.4683416511807,3406.148341651181,sarimax,Nitric Oxide Pre Sport 60ct,KEHE,product_distributor,Nitric Oxide Pre Sport 60ct | KEHE
2025-12-01,129.0,-2642.808341651181,2900.808341651181,sarimax,Nitric Oxide Pre Sport 60ct,UNFI,product_distributor,Nitric Oxide Pre Sport 60ct | UNFI
2025-12-01,47.97,-2723.838341651181,2819.7783416511807,sarimax,One Per Day Mega B12,PALKO,product_distributor,One Per Day Mega B12 | PALKO
2025-12-01,443.63,-2328.1783416511807,3215.438341651181,sarimax,One-Per-Day Mega B-12 60ct,KEHE,product_distributor,One-Per-Day Mega B-12 60ct | KEHE
2025-12-01,44.0,-2727.808341651181,2815.808341651181,sarimax,One-Per-Day Mega B-12 60ct,UNFI,product_distributor,One-Per-Day Mega B-12 60ct | UNFI
2025-12-01,540.7900000000001,-2231.018341651181,3312.598341651181,sarimax,Only One Liquid-Gel Multi WITH IRON 60ct,KEHE,product_distributor,Only One Liquid-Gel Multi WITH IRON 60ct | KEHE
2025-11-01,89.0,-2682.808341651181,2860.808341651181,sarimax,Only One Liquid-Gel Multi WITH IRON 60ct,UNFI,product_distributor,Only One Liquid-Gel Multi WITH IRON 60ct | UNFI
2025-12-01,89.0,-3830.928949061978,4008.928949061978,sarimax,Only One Liquid-Gel Multi WITH IRON 60ct,UNFI,product_distributor,Only One Liquid-Gel Multi WITH IRON 60ct | UNFI
2025-12-01,1068.3899999999999,-1703.418341651181,3840.1983416511807,sarimax,Only One Liquid-Gel Multi WITHOUT IRON 60ct,KEHE,product_distributor,Only One Liquid-Gel Multi WITHOUT IRON 60ct | KEHE
2025-10-01,49.0,-2722.808341651181,2820.808341651181,sarimax,Only One Liquid-Gel Multi WITHOUT IRON 60ct,UNFI,product_distributor,Only One Liquid-Gel Multi WITHOUT IRON 60ct | UNFI
2025-11-01,49.0,-3870.928949061978,3968.928949061978,sarimax,Only One Liquid-Gel Multi WITHOUT IRON 60ct,UNFI,product_distributor,Only One Liquid-Gel Multi WITHOUT IRON 60ct | UNFI
2025-12-01,49.0,-4751.912876583078,4849.912876583078,sarimax,Only One Liquid-Gel Multi WITHOUT IRON 60ct,UNFI,product_distributor,Only One Liquid-Gel Multi WITHOUT IRON 60ct | UNFI
2025-12-01,23.79,-2748.018341651181,2795.598341651181,sarimax,Optimuim Strength Testosterone UP PRO Growth,PALKO,product_distributor,Optimuim Strength Testosterone UP PRO Growth | PALKO
2025-12-01,587.72,-2184.0883416511806,3359.528341651181,sarimax,Optimum-Strength Testosterone UP PRO-Growth 60ct,KEHE,product_distributor,Optimum-Strength Testosterone UP PRO-Growth 60ct | KEHE
2025-12-01,79.95,-2691.858341651181,2851.7583416511807,sarimax,POWER TO SLEEP PM MAGNES,SUPERNATURAL,product_distributor,POWER TO SLEEP PM MAGNES | SUPERNATURAL
2025-12-01,13.77,-2758.038341651181,2785.578341651181,sarimax,POWER TO SLEEP PM MELATONIN FREE 50SG,THRESHOLD,product_distributor,POWER TO SLEEP PM MELATONIN FREE 50SG | THRESHOLD
2025-09-01,302.2199999999999,-2469.588341651181,3074.0283416511807,sarimax,PWER 2 SLEEP NO MELATONIN,SUPERNATURAL,product_distributor,PWER 2 SLEEP NO MELATONIN | SUPERNATURAL
2025-10-01,302.2199999999999,-3617.7089490619783,4222.148949061978,sarimax,PWER 2 SLEEP NO MELATONIN,SUPERNATURAL,product_distributor,PWER 2 SLEEP NO MELATONIN | SUPERNATURAL
2025-11-01,302.2199999999999,-4498.692876583078,5103.1328765830785,sarimax,PWER 2 SLEEP NO MELATONIN,SUPERNATURAL,product_distributor,PWER 2 SLEEP NO MELATONIN | SUPERNATURAL
2025-12-01,302.2199999999999,-5241.396683302361,5845.836683302362,sarimax,PWER 2 SLEEP NO MELATONIN,SUPERNATURAL,product_distributor,PWER 2 SLEEP NO MELATONIN | SUPERNATURAL
2025-12-01,246.88,-2524.9283416511807,3018.688341651181,sarimax,Power to Sleep,PALKO,product_distributor,Power to Sleep | PALKO
2025-12-01,851.2900000000002,-1920.5183416511807,3623.098341651181,sarimax,Power to Sleep PM 60ct,KEHE,product_distributor,Power to Sleep PM 60ct | KEHE
2025-12-01,3449.6600000000003,677.8516583488195,6221.468341651182,sarimax,Power to Sleep PM 6mg Melatonin 60ct,KEHE,product_distributor,Power to Sleep PM 6mg Melatonin 60ct | KEHE
2025-12-01,32.0,-2739.808341651181,2803.808341651181,sarimax,Power to Sleep PM 6mg Melatonin 60ct,UNFI,product_distributor,Power to Sleep PM 6mg Melatonin 60ct | UNFI
2025-11-01,43.650000000000006,-2728.1583416511808,2815.458341651181,sarimax,Power to Sleep PM Melatonin Free,PALKO,product_distributor,Power to Sleep PM Melatonin Free | PALKO
2025-12-01,43.650000000000006,-3876.278949061978,3963.578949061978,sarimax,Power to Sleep PM Melatonin Free,PALKO,product_distributor,Power to Sleep PM Melatonin Free | PALKO
2025-12-01,43.000000000000014,-2728.808341651181,2814.808341651181,sarimax,Pro-Active Male Prosta-Strong Healthy Urinary Flow 180ct VALUE SIZE,UNFI,product_distributor,Pro-Active Male Prosta-Strong Healthy Urinary Flow 180ct VALUE SIZE | UNFI
2025-12-01,1595.2400000000002,-1176.5683416511806,4367.0483416511815,sarimax,Pro-Active Male Prosta-Strong Healthy Urinary Flow 90ct,KEHE,product_distributor,Pro-Active Male Prosta-Strong Healthy Urinary Flow 90ct | KEHE
2025-12-01,22.000000000000014,-2749.808341651181,2793.808341651181,sarimax,Pro-Active Male Prosta-Strong Healthy Urinary Flow 90ct,UNFI,product_distributor,Pro-Active Male Prosta-Strong Healthy Urinary Flow 90ct | UNFI
2025-12-01,163.13,-2608.6783416511807,2934.938341651181,sarimax,Prosta Strong Red,PALKO,product_distributor,Prosta Strong Red | PALKO
2025-12-01,629.6500000000001,-2142.1583416511808,3401.458341651181,sarimax,Prosta-Strong RED 80ct,KEHE,product_distributor,Prosta-Strong RED 80ct | KEHE
2025-12-01,129.54,-2642.268341651181,2901.348341651181,sarimax,QUICK ENERGY RED MULTI,SUPERNATURAL,product_distributor,QUICK ENERGY RED MULTI | SUPERNATURAL
2025-11-01,32.38000000000001,-2739.4283416511807,2804.188341651181,sarimax,Quick Energy RED Liquid-Gel Multi 72ct,KEHE,product_distributor,Quick Energy RED Liquid-Gel Multi 72ct | KEHE
2025-12-01,32.38000000000001,-3887.548949061978,3952.308949061978,sarimax,Quick Energy RED Liquid-Gel Multi 72ct,KEHE,product_distributor,Quick Energy RED Liquid-Gel Multi 72ct | KEHE
2025-12-01,296.66999999999996,-2475.138341651181,3068.478341651181,sarimax,Respiratory Support & Defense 60ct,KEHE,product_distributor,Respiratory Support & Defense 60ct | KEHE
2025-12-01,251.00000000000006,-2520.808341651181,3022.808341651181,sarimax,Respiratory Support & Defense 60ct,UNFI,product_distributor,Respiratory Support & Defense 60ct | UNFI
2025-11-01,89.56000000000003,-2682.248341651181,2861.368341651181,sarimax,SENSUAL WOMEN ENDURANCE,SUPERNATURAL,product_distributor,SENSUAL WOMEN ENDURANCE | SUPERNATURAL
2025-12-01,89.56000000000003,-3830.368949061978,4009.488949061978,sarimax,SENSUAL WOMEN ENDURANCE,SUPERNATURAL,product_distributor,SENSUAL WOMEN ENDURANCE | SUPERNATURAL
2025-06-01,152.12,-2619.688341651181,2923.9283416511807,sarimax,STEEL LIBIDO MAX3 + NITRIC OXIDE BOOSTER 75SG,THRESHOLD,product_distributor,STEEL LIBIDO MAX3 + NITRIC OXIDE BOOSTER 75SG | THRESHOLD
2025-07-01,152.12,-3767.808949061978,4072.048949061978,sarimax,STEEL LIBIDO MAX3 + NITRIC OXIDE BOOSTER 75SG,THRESHOLD,product_distributor,STEEL LIBIDO MAX3 + NITRIC OXIDE BOOSTER 75SG | THRESHOLD
2025-08-01,152.12,-4648.792876583078,4953.032876583078,sarimax,STEEL LIBIDO MAX3 + NITRIC OXIDE BOOSTER 75SG,THRESHOLD,product_distributor,STEEL LIBIDO MAX3 + NITRIC OXIDE BOOSTER 75SG | THRESHOLD
2025-09-01,152.12,-5391.496683302362,5695.736683302362,sarimax,STEEL LIBIDO MAX3 + NITRIC OXIDE BOOSTER 75SG,THRESHOLD,product_distributor,STEEL LIBIDO MAX3 + NITRIC OXIDE BOOSTER 75SG | THRESHOLD
2025-10-01,152.12,-6045.831872533003,6350.0718725330025,sarimax,STEEL LIBIDO MAX3 + NITRIC OXIDE BOOSTER 75SG,THRESHOLD,product_distributor,STEEL LIBIDO MAX3 + NITRIC OXIDE BOOSTER 75SG | THRESHOLD
2025-11-01,152.12,-6637.396101835419,6941.636101835419,sarimax,STEEL LIBIDO MAX3 + NITRIC OXIDE BOOSTER 75SG,THRESHOLD,product_distributor,STEEL LIBIDO MAX3 + NITRIC OXIDE BOOSTER 75SG | THRESHOLD
2025-12-01,152.12,-7181.395553943381,7485.635553943381,sarimax,STEEL LIBIDO MAX3 + NITRIC OXIDE BOOSTER 75SG,THRESHOLD,product_distributor,STEEL LIBIDO MAX3 + NITRIC OXIDE BOOSTER 75SG | THRESHOLD
2025-08-01,105.98000000000008,-2665.828341651181,2877.788341651181,sarimax,STEEL LIBIDO MAX3 + NITRIC OXIDE BOOSTER 75SG ##V,THRESHOLD,product_distributor,STEEL LIBIDO MAX3 + NITRIC OXIDE BOOSTER 75SG ##V | THRESHOLD
2025-09-01,105.98000000000008,-3813.948949061978,4025.908949061978,sarimax,STEEL LIBIDO MAX3 + NITRIC OXIDE BOOSTER 75SG ##V,THRESHOLD,product_distributor,STEEL LIBIDO MAX3 + NITRIC OXIDE BOOSTER 75SG ##V | THRESHOLD
2025-10-01,105.98000000000008,-4694.932876583078,4906.892876583079,sarimax,STEEL LIBIDO MAX3 + NITRIC OXIDE BOOSTER 75SG ##V,THRESHOLD,product_distributor,STEEL LIBIDO MAX3 + NITRIC OXIDE BOOSTER 75SG ##V | THRESHOLD
2025-11-01,105.98000000000008,-5437.636683302361,5649.596683302362,sarimax,STEEL LIBIDO MAX3 + NITRIC OXIDE BOOSTER 75SG ##V,THRESHOLD,product_distributor,STEEL LIBIDO MAX3 + NITRIC OXIDE BOOSTER 75SG ##V | THRESHOLD
2025-12-01,105.98000000000008,-6091.971872533002,6303.931872533003,sarimax,STEEL LIBIDO MAX3 + NITRIC OXIDE BOOSTER 75SG ##V,THRESHOLD,product_distributor,STEEL LIBIDO MAX3 + NITRIC OXIDE BOOSTER 75SG ##V | THRESHOLD
2025-12-01,19.990000000000006,-2751.818341651181,2791.7983416511806,sarimax,STEEL-LIBIDO PEAK TESTOST,SUPERNATURAL,product_distributor,STEEL-LIBIDO PEAK TESTOST | SUPERNATURAL
2025-11-01,92.76,-2679.0483416511806,2864.568341651181,sarimax,STRESS DEFY OPTIMAL SLEEP,SUPERNATURAL,product_distributor,STRESS DEFY OPTIMAL SLEEP | SUPERNATURAL
2025-12-01,92.76,-3827.168949061978,4012.6889490619783,sarimax,STRESS DEFY OPTIMAL SLEEP,SUPERNATURAL,product_distributor,STRESS DEFY OPTIMAL SLEEP | SUPERNATURAL
2025-12-01,818.9000000000001,-1952.9083416511808,3590.708341651181,sarimax,SUPER CLEANSE 200T,THRESHOLD,product_distributor,SUPER CLEANSE 200T | THRESHOLD
2025-12-01,0.0,-2771.808341651181,2771.808341651181,sarimax,Sensual Woman Endurance*Stress*Libido 60ct,UNFI,product_distributor,Sensual Woman Endurance*Stress*Libido 60ct | UNFI
2025-12-01,719.52,-2052.288341651181,3491.328341651181,sarimax,Sleep Fit PM Fat Burner 60ct,DIRECT,product_distributor,Sleep Fit PM Fat Burner 60ct | DIRECT
2025-12-01,201.48,-2570.328341651181,2973.288341651181,sarimax,Steel Libido RED 84ct 300cc,DIRECT,product_distributor,Steel Libido RED 84ct 300cc | DIRECT
2025-12-01,179.88000000000002,-2591.9283416511807,2951.688341651181,sarimax,Steel-Libido 75ct,KEHE,product_distributor,Steel-Libido 75ct | KEHE
2025-12-01,65.00000000000003,-2706.808341651181,2836.808341651181,sarimax,Steel-Libido 75ct,UNFI,product_distributor,Steel-Libido 75ct | UNFI
2025-12-01,254.82999999999998,-2516.978341651181,3026.638341651181,sarimax,Steel-Libido Peak Testosterone 75ct,KEHE,product_distributor,Steel-Libido Peak Testosterone 75ct | KEHE
2025-12-01,7495.0,4723.191658348819,10266.80834165118,sarimax,Steel-Libido RED 75ct,KEHE,product_distributor,Steel-Libido RED 75ct | KEHE
2025-11-01,56.0,-2715.808341651181,2827.808341651181,sarimax,Steel-Libido RED 75ct,UNFI,product_distributor,Steel-Libido RED 75ct | UNFI
2025-12-01,56.0,-3863.928949061978,3975.928949061978,sarimax,Steel-Libido RED 75ct,UNFI,product_distributor,Steel-Libido RED 75ct | UNFI
2025-12-01,449.70000000000005,-2322.108341651181,3221.5083416511807,sarimax,Steel-Libido for WOMEN 75ct,KEHE,product_distributor,Steel-Libido for WOMEN 75ct | KEHE
2025-12-01,51.0,-2720.808341651181,2822.808341651181,sarimax,Steel-Libido for WOMEN 75ct,UNFI,product_distributor,Steel-Libido for WOMEN 75ct | UNFI
2025-12-01,6492.300000000001,3720.4916583488202,9264.108341651183,sarimax,Stored Fat Belly Burner 60ct,KEHE,product_distributor,Stored Fat Belly Burner 60ct | KEHE
2025-12-01,26.0,-2745.808341651181,2797.808341651181,sarimax,Stored Fat Belly Burner 60ct,UNFI,product_distributor,Stored Fat Belly Burner 60ct | UNFI
2025-12-01,633.12,-2138.688341651181,3404.9283416511807,sarimax,Stored-Fat Belly Burner 72ct 300cc,DIRECT,product_distributor,Stored-Fat Belly Burner 72ct 300cc | DIRECT
2025-11-01,5.684341886080802e-14,-2771.808341651181,2771.808341651181,sarimax,Stress Defy Sleep PM 50ct,DIRECT,product_distributor,Stress Defy Sleep PM 50ct | DIRECT
2025-12-01,5.684341886080802e-14,-3919.928949061978,3919.928949061978,sarimax,Stress Defy Sleep PM 50ct,DIRECT,product_distributor,Stress Defy Sleep PM 50ct | DIRECT
2025-12-01,23.18,-2748.628341651181,2794.9883416511807,sarimax,Stress Defy Sleep PM 50ct,ALL,product_distributor,Stress Defy Sleep PM 50ct | ALL
2025-12-01,167.31,-2604.498341651181,2939.118341651181,sarimax,Stress-Defy 84ct,KEHE,product_distributor,Stress-Defy 84ct | KEHE
2025-11-01,95.15,-2676.6583416511808,2866.958341651181,sarimax,Sunny Mood with 5 HTP,PALKO,product_distributor,Sunny Mood with 5 HTP | PALKO
2025-12-01,95.15,-3824.778949061978,4015.078949061978,sarimax,Sunny Mood with 5 HTP,PALKO,product_distributor,Sunny Mood with 5 HTP | PALKO
2025-12-01,201.48000000000002,-2570.328341651181,2973.288341651181,sarimax,Sunny Mood with 5-HTP 80ct,DIRECT,product_distributor,Sunny Mood with 5-HTP 80ct | DIRECT
2025-11-01,957.03,-1814.7783416511809,3728.8383416511806,sarimax,Sunny Mood with 5-HTP 80ct,KEHE,product_distributor,Sunny Mood with 5-HTP 80ct | KEHE
2025-12-01,957.03,-2962.898949061978,4876.958949061978,sarimax,Sunny Mood with 5-HTP 80ct,KEHE,product_distributor,Sunny Mood with 5-HTP 80ct | KEHE
2025-12-01,453.33,-2318.478341651181,3225.138341651181,sarimax,Sunny Mood with Rhodiola 75ct,KEHE,product_distributor,Sunny Mood with Rhodiola 75ct | KEHE
2025-12-01,1038.4,-1733.4083416511808,3810.208341651181,sarimax,Super Cleanse 100ct,KEHE,product_distributor,Super Cleanse 100ct | KEHE
2025-12-01,3478.000000000001,706.19165834882,6249.808341651182,sarimax,Super Cleanse 100ct,UNFI,product_distributor,Super Cleanse 100ct | UNFI
2025-12-01,250.92,-2520.888341651181,3022.728341651181,sarimax,Super Cleanse 200ct ECONOMY SIZE,KEHE,product_distributor,Super Cleanse 200ct ECONOMY SIZE | KEHE
2025-12-01,3711.0,939.1916583488191,6482.808341651181,sarimax,Super Cleanse 200ct ECONOMY SIZE,UNFI,product_distributor,Super Cleanse 200ct ECONOMY SIZE | UNFI
2025-12-01,3495.48,723.6716583488192,6267.288341651181,sarimax,TESTOSTERONE UP RED VALUE SIZE 100SG,THRESHOLD,product_distributor,TESTOSTERONE UP RED VALUE SIZE 100SG | THRESHOLD
2025-12-01,17.590000000000018,-2754.2183416511807,2789.398341651181,sarimax,TRIPLE DIET FAT REDUCTION,SUPERNATURAL,product_distributor,TRIPLE DIET FAT REDUCTION | SUPERNATURAL
2025-11-01,229.4699999999999,-2542.338341651181,3001.2783416511807,sarimax,TRIPLE TEA FAT BURNER 75SG,THRESHOLD,product_distributor,TRIPLE TEA FAT BURNER 75SG | THRESHOLD
2025-12-01,229.4699999999999,-3690.4589490619783,4149.398949061978,sarimax,TRIPLE TEA FAT BURNER 75SG,THRESHOLD,product_distributor,TRIPLE TEA FAT BURNER 75SG | THRESHOLD
2025-12-01,202.29000000000002,-2569.518341651181,2974.098341651181,sarimax,TRIPLE-BOOST CAFFEINEFREE,SUPERNATURAL,product_distributor,TRIPLE-BOOST CAFFEINEFREE | SUPERNATURAL
2025-12-01,79.96,-2691.848341651181,2851.768341651181,sarimax,TRIPLE-TEA FAT BURNER,SUPERNATURAL,product_distributor,TRIPLE-TEA FAT BURNER | SUPERNATURAL
2025-12-01,0.0,-2771.808341651181,2771.808341651181,sarimax,"TYPE 1,2,3 COLLAGEN PEPTI",SUPERNATURAL,product_distributor,"TYPE 1,2,3 COLLAGEN PEPTI | SUPERNATURAL"
2025-06-01,1059.26,-1712.5483416511809,3831.068341651181,sarimax,"TYPE I, II & III COLLAGEN PEPTIDES+ASTAX 60SG",THRESHOLD,product_distributor,"TYPE I, II & III COLLAGEN PEPTIDES+ASTAX 60SG | THRESHOLD"
2025-07-01,1059.26,-2860.6689490619783,4979.188949061978,sarimax,"TYPE I, II & III COLLAGEN PEPTIDES+ASTAX 60SG",THRESHOLD,product_distributor,"TYPE I, II & III COLLAGEN PEPTIDES+ASTAX 60SG | THRESHOLD"
2025-08-01,1059.26,-3741.652876583078,5860.1728765830785,sarimax,"TYPE I, II & III COLLAGEN PEPTIDES+ASTAX 60SG",THRESHOLD,product_distributor,"TYPE I, II & III COLLAGEN PEPTIDES+ASTAX 60SG | THRESHOLD"
2025-09-01,1059.26,-4484.3566833023615,6602.876683302362,sarimax,"TYPE I, II & III COLLAGEN PEPTIDES+ASTAX 60SG",THRESHOLD,product_distributor,"TYPE I, II & III COLLAGEN PEPTIDES+ASTAX 60SG | THRESHOLD"
2025-10-01,1059.26,-5138.691872533002,7257.211872533003,sarimax,"TYPE I, II & III COLLAGEN PEPTIDES+ASTAX 60SG",THRESHOLD,product_distributor,"TYPE I, II & III COLLAGEN PEPTIDES+ASTAX 60SG | THRESHOLD"
2025-11-01,1059.26,-5730.256101835419,7848.7761018354195,sarimax,"TYPE I, II & III COLLAGEN PEPTIDES+ASTAX 60SG",THRESHOLD,product_distributor,"TYPE I, II & III COLLAGEN PEPTIDES+ASTAX 60SG | THRESHOLD"
2025-12-01,1059.26,-6274.255553943381,8392.77555394338,sarimax,"TYPE I, II & III COLLAGEN PEPTIDES+ASTAX 60SG",THRESHOLD,product_distributor,"TYPE I, II & III COLLAGEN PEPTIDES+ASTAX 60SG | THRESHOLD"
2025-12-01,167.92000000000002,-2603.888341651181,2939.728341651181,sarimax,Testosterone Mega-Boost RED 68ct 300cc,KEHE,product_distributor,Testosterone Mega-Boost RED 68ct 300cc | KEHE
2025-12-01,6447.360000000001,3675.5516583488197,9219.16834165118,sarimax,Testosterone Mega-Boost Red 56ct,KEHE,product_distributor,Testosterone Mega-Boost Red 56ct | KEHE
2025-10-01,-30.589999999999918,-2802.398341651181,2741.2183416511807,sarimax,Testosterone UP 120ct VALUE SIZE,DIRECT,product_distributor,Testosterone UP 120ct VALUE SIZE | DIRECT
2025-11-01,-30.589999999999918,-3950.5189490619778,3889.3389490619784,sarimax,Testosterone UP 120ct VALUE SIZE,DIRECT,product_distributor,Testosterone UP 120ct VALUE SIZE | DIRECT
2025-12-01,-30.589999999999918,-4831.502876583078,4770.322876583078,sarimax,Testosterone UP 120ct VALUE SIZE,DIRECT,product_distributor,Testosterone UP 120ct VALUE SIZE | DIRECT
2025-12-01,211.09000000000003,-2560.7183416511807,2982.898341651181,sarimax,Testosterone UP 60ct,KEHE,product_distributor,Testosterone UP 60ct | KEHE
2025-11-01,20.000000000000007,-2751.808341651181,2791.808341651181,sarimax,Testosterone UP 60ct,UNFI,product_distributor,Testosterone UP 60ct | UNFI
2025-12-01,20.000000000000007,-3899.928949061978,3939.928949061978,sarimax,Testosterone UP 60ct,UNFI,product_distributor,Testosterone UP 60ct | UNFI
2025-12-01,54.379999999999995,-2717.4283416511807,2826.188341651181,sarimax,Testosterone UP Prostate Defense,PALKO,product_distributor,Testosterone UP Prostate Defense | PALKO
2025-12-01,1266.5600000000002,-1505.2483416511807,4038.3683416511813,sarimax,Testosterone UP RED 60ct,KEHE,product_distributor,Testosterone UP RED 60ct | KEHE
2025-12-01,80.0,-2691.808341651181,2851.808341651181,sarimax,Testosterone UP RED 60ct,UNFI,product_distributor,Testosterone UP RED 60ct | UNFI
2025-12-01,2259.7200000000003,-512.0883416511806,5031.528341651181,sarimax,Testosterone Up Strength & Size 60ct,DIRECT,product_distributor,Testosterone Up Strength & Size 60ct | DIRECT
2025-12-01,587.72,-2184.0883416511806,3359.528341651181,sarimax,Testosterone Up Strength & Size 60ct,KEHE,product_distributor,Testosterone Up Strength & Size 60ct | KEHE
2025-11-01,114.0,-2657.808341651181,2885.808341651181,sarimax,Testosterone Up Strength & Size 60ct,UNFI,product_distributor,Testosterone Up Strength & Size 60ct | UNFI
2025-12-01,114.0,-3805.928949061978,4033.928949061978,sarimax,Testosterone Up Strength & Size 60ct,UNFI,product_distributor,Testosterone Up Strength & Size 60ct | UNFI
2025-12-01,1057.7700000000002,-1714.0383416511806,3829.5783416511813,sarimax,Testosterone-Extra Fat Burner 60ct,KEHE,product_distributor,Testosterone-Extra Fat Burner 60ct | KEHE
2025-12-01,18.000000000000007,-2753.808341651181,2789.808341651181,sarimax,Testosterone-Extra Fat Burner 60ct,UNFI,product_distributor,Testosterone-Extra Fat Burner 60ct | UNFI
2025-12-01,39.980000000000004,-2731.828341651181,2811.788341651181,sarimax,Thermo Burn Stubborn Fat Metabolizer,PALKO,product_distributor,Thermo Burn Stubborn Fat Metabolizer | PALKO
2025-12-01,809.46,-1962.3483416511808,3581.268341651181,sarimax,Thermo Burn Stubborn Fat Metabolizer 60ct,KEHE,product_distributor,Thermo Burn Stubborn Fat Metabolizer 60ct | KEHE
2025-12-01,102.0,-2669.808341651181,2873.808341651181,sarimax,Thermo Burn Stubborn Fat Metabolizer 60ct,UNFI,product_distributor,Thermo Burn Stubborn Fat Metabolizer 60ct | UNFI
2025-12-01,63.44,-2708.368341651181,2835.248341651181,sarimax,Triple Boost Caffeine Free Energy,PALKO,product_distributor,Triple Boost Caffeine Free Energy | PALKO
2025-12-01,263.8,-2508.0083416511807,3035.608341651181,sarimax,Triple Diet Fat Reduction Max Accelerator 72ct,KEHE,product_distributor,Triple Diet Fat Reduction Max Accelerator 72ct | KEHE
2025-12-01,28.000000000000004,-2743.808341651181,2799.808341651181,sarimax,Triple Diet Fat Reduction Max Accelerator 72ct,UNFI,product_distributor,Triple Diet Fat Reduction Max Accelerator 72ct | UNFI
2025-12-01,112.0,-2659.808341651181,2883.808341651181,sarimax,Triple Source MAGNESIUM ASHWAGANDHA 60ct,UNFI,product_distributor,Triple Source MAGNESIUM ASHWAGANDHA 60ct | UNFI
2025-10-01,16.990000000000002,-2754.818341651181,2788.7983416511806,sarimax,Triple Tea Fat Burner,PALKO,product_distributor,Triple Tea Fat Burner | PALKO
2025-11-01,16.990000000000002,-3902.9389490619783,3936.918949061978,sarimax,Triple Tea Fat Burner,PALKO,product_distributor,Triple Tea Fat Burner | PALKO
2025-12-01,16.990000000000002,-4783.9228765830785,4817.902876583078,sarimax,Triple Tea Fat Burner,PALKO,product_distributor,Triple Tea Fat Burner | PALKO
2025-12-01,0.0,-2771.808341651181,2771.808341651181,sarimax,Triple-Boost Caffeine-Free Energy 75ct,DIRECT,product_distributor,Triple-Boost Caffeine-Free Energy 75ct | DIRECT
2025-12-01,0.0,-2771.808341651181,2771.808341651181,sarimax,Triple-Boost Caffeine-Free Energy 75ct,ALL,product_distributor,Triple-Boost Caffeine-Free Energy 75ct | ALL
2025-12-01,374.7500000000001,-2397.058341651181,3146.558341651181,sarimax,Triple-Tea Fat Burner 75ct,KEHE,product_distributor,Triple-Tea Fat Burner 75ct | KEHE
2025-05-01,200.41000000000003,-2571.398341651181,2972.2183416511807,sarimax,"Type I, II & III Collagen Peptides + Astaxanthin 60ct",DIRECT,product_distributor,"Type I, II & III Collagen Peptides + Astaxanthin 60ct | DIRECT"
2025-06-01,200.41000000000003,-3719.518949061978,4120.338949061978,sarimax,"Type I, II & III Collagen Peptides + Astaxanthin 60ct",DIRECT,product_distributor,"Type I, II & III Collagen Peptides + Astaxanthin 60ct | DIRECT"
2025-07-01,200.41000000000003,-4600.502876583078,5001.322876583078,sarimax,"Type I, II & III Collagen Peptides + Astaxanthin 60ct",DIRECT,product_distributor,"Type I, II & III Collagen Peptides + Astaxanthin 60ct | DIRECT"
2025-08-01,200.41000000000003,-5343.206683302362,5744.026683302362,sarimax,"Type I, II & III Collagen Peptides + Astaxanthin 60ct",DIRECT,product_distributor,"Type I, II & III Collagen Peptides + Astaxanthin 60ct | DIRECT"
2025-09-01,200.41000000000003,-5997.541872533003,6398.3618725330025,sarimax,"Type I, II & III Collagen Peptides + Astaxanthin 60ct",DIRECT,product_distributor,"Type I, II & III Collagen Peptides + Astaxanthin 60ct | DIRECT"
2025-10-01,200.41000000000003,-6589.106101835419,6989.926101835419,sarimax,"Type I, II & III Collagen Peptides + Astaxanthin 60ct",DIRECT,product_distributor,"Type I, II & III Collagen Peptides + Astaxanthin 60ct | DIRECT"
2025-11-01,200.41000000000003,-7133.105553943381,7533.925553943381,sarimax,"Type I, II & III Collagen Peptides + Astaxanthin 60ct",DIRECT,product_distributor,"Type I, II & III Collagen Peptides + Astaxanthin 60ct | DIRECT"
2025-12-01,200.41000000000003,-7639.447898123956,8040.267898123956,sarimax,"Type I, II & III Collagen Peptides + Astaxanthin 60ct",DIRECT,product_distributor,"Type I, II & III Collagen Peptides + Astaxanthin 60ct | DIRECT"
2025-05-01,200.41000000000003,-2571.398341651181,2972.2183416511807,sarimax,"Type I, II & III Collagen Peptides + Astaxanthin 60ct",ALL,product_distributor,"Type I, II & III Collagen Peptides + Astaxanthin 60ct | ALL"
2025-06-01,200.41000000000003,-3719.518949061978,4120.338949061978,sarimax,"Type I, II & III Collagen Peptides + Astaxanthin 60ct",ALL,product_distributor,"Type I, II & III Collagen Peptides + Astaxanthin 60ct | ALL"
2025-07-01,200.41000000000003,-4600.502876583078,5001.322876583078,sarimax,"Type I, II & III Collagen Peptides + Astaxanthin 60ct",ALL,product_distributor,"Type I, II & III Collagen Peptides + Astaxanthin 60ct | ALL"
2025-08-01,200.41000000000003,-5343.206683302362,5744.026683302362,sarimax,"Type I, II & III Collagen Peptides + Astaxanthin 60ct",ALL,product_distributor,"Type I, II & III Collagen Peptides + Astaxanthin 60ct | ALL"
2025-09-01,200.41000000000003,-5997.541872533003,6398.3618725330025,sarimax,"Type I, II & III Collagen Peptides + Astaxanthin 60ct",ALL,product_distributor,"Type I, II & III Collagen Peptides + Astaxanthin 60ct | ALL"
2025-10-01,200.41000000000003,-6589.106101835419,6989.926101835419,sarimax,"Type I, II & III Collagen Peptides + Astaxanthin 60ct",ALL,product_distributor,"Type I, II & III Collagen Peptides + Astaxanthin 60ct | ALL"
2025-11-01,200.41000000000003,-7133.105553943381,7533.925553943381,sarimax,"Type I, II & III Collagen Peptides + Astaxanthin 60ct",ALL,product_distributor,"Type I, II & III Collagen Peptides + Astaxanthin 60ct | ALL"
2025-12-01,200.41000000000003,-7639.447898123956,8040.267898123956,sarimax,"Type I, II & III Collagen Peptides + Astaxanthin 60ct",ALL,product_distributor,"Type I, II & III Collagen Peptides + Astaxanthin 60ct | ALL"
2025-12-01,47.96000000000001,-2723.848341651181,2819.768341651181,sarimax,URINARY CLEANSE & FLUSH,SUPERNATURAL,product_distributor,URINARY CLEANSE & FLUSH | SUPERNATURAL
2025-12-01,413.77000000000004,-2358.038341651181,3185.578341651181,sarimax,Ultimate Cleanse (2 Part Program),KEHE,product_distributor,Ultimate Cleanse (2 Part Program) | KEHE
2025-12-01,3785.0000000000005,1013.1916583488196,6556.808341651182,sarimax,Ultimate Cleanse (2 Part Program),UNFI,product_distributor,Ultimate Cleanse (2 Part Program) | UNFI
2025-12-01,35.970000000000006,-2735.838341651181,2807.7783416511807,sarimax,Urgent Rescue Mega Vita-C 60ct,KEHE,product_distributor,Urgent Rescue Mega Vita-C 60ct | KEHE
2025-12-01,28.0,-2743.808341651181,2799.808341651181,sarimax,Urgent Rescue Mega Vita-C 60ct,UNFI,product_distributor,Urgent Rescue Mega Vita-C 60ct | UNFI
2025-11-01,53.94000000000001,-2717.868341651181,2825.748341651181,sarimax,Urinary Flush & Support 60ct,KEHE,product_distributor,Urinary Flush & Support 60ct | KEHE
2025-12-01,53.94000000000001,-3865.988949061978,3973.868949061978,sarimax,Urinary Flush & Support 60ct,KEHE,product_distributor,Urinary Flush & Support 60ct | KEHE
2025-12-01,155.00000000000006,-2616.808341651181,2926.808341651181,sarimax,Urinary Flush & Support 60ct,UNFI,product_distributor,Urinary Flush & Support 60ct | UNFI
2025-11-01,239.89999999999998,-2531.9083416511808,3011.708341651181,sarimax,V02 FAT BURNER MAX,SUPERNATURAL,product_distributor,V02 FAT BURNER MAX | SUPERNATURAL
2025-12-01,239.89999999999998,-3680.028949061978,4159.828949061978,sarimax,V02 FAT BURNER MAX,SUPERNATURAL,product_distributor,V02 FAT BURNER MAX | SUPERNATURAL
2025-11-01,88.75999999999999,-2683.0483416511806,2860.568341651181,sarimax,V02 Max Performance Fat Burner,PALKO,product_distributor,V02 Max Performance Fat Burner | PALKO
2025-12-01,88.75999999999999,-3831.1689490619783,4008.688949061978,sarimax,V02 Max Performance Fat Burner,PALKO,product_distributor,V02 Max Performance Fat Burner | PALKO
2025-12-01,57.0,-2714.808341651181,2828.808341651181,sarimax,V02 Max Performance Fat Burner 60ct,UNFI,product_distributor,V02 Max Performance Fat Burner 60ct | UNFI
2025-12-01,159.92000000000004,-2611.888341651181,2931.728341651181,sarimax,VISION SHARP EYE HEALTH,SUPERNATURAL,product_distributor,VISION SHARP EYE HEALTH | SUPERNATURAL
2025-12-01,929.3800000000001,-1842.4283416511807,3701.188341651181,sarimax,Vision Sharp Multi-Nutrient Eye Health 42ct,KEHE,product_distributor,Vision Sharp Multi-Nutrient Eye Health 42ct | KEHE
2025-12-01,56.0,-2715.808341651181,2827.808341651181,sarimax,Vision Sharp Multi-Nutrient Eye Health 42ct,UNFI,product_distributor,Vision Sharp Multi-Nutrient Eye Health 42ct | UNFI
2025-12-01,86.28,-2685.5283416511807,2858.088341651181,sarimax,WEEKEND COLON FLUSH,SUPERNATURAL,product_distributor,WEEKEND COLON FLUSH | SUPERNATURAL
2025-12-01,80.85000000000002,-2690.958341651181,2852.6583416511808,sarimax,Weekend Colon Flush 16ct,KEHE,product_distributor,Weekend Colon Flush 16ct | KEHE
2025-11-01,70.0,-2701.808341651181,2841.808341651181,sarimax,Weekend Colon Flush 16ct,UNFI,product_distributor,Weekend Colon Flush 16ct | UNFI
2025-12-01,70.0,-3849.928949061978,3989.928949061978,sarimax,Weekend Colon Flush 16ct,UNFI,product_distributor,Weekend Colon Flush 16ct | UNFI
2025-12-01,719.4000000000001,-2052.4083416511808,3491.208341651181,sarimax,Whole Body Turmeric Curcumin C3 60ct,KEHE,product_distributor,Whole Body Turmeric Curcumin C3 60ct | KEHE
2025-11-01,53.0,-2718.808341651181,2824.808341651181,sarimax,Whole Body Turmeric Curcumin C3 60ct,UNFI,product_distributor,Whole Body Turmeric Curcumin C3 60ct | UNFI
2025-12-01,53.0,-3866.928949061978,3972.928949061978,sarimax,Whole Body Turmeric Curcumin C3 60ct,UNFI,product_distributor,Whole Body Turmeric Curcumin C3 60ct | UNFI
2025-10-01,152.99999999999997,-2618.808341651181,2924.808341651181,sarimax,,UNFI,product_distributor,
2025-11-01,152.99999999999997,-3766.928949061978,4072.928949061978,sarimax,,UNFI,product_distributor,
2025-12-01,152.99999999999997,-4647.912876583078,4953.912876583078,sarimax,,UNFI,product_distributor,
